pathway	NbDirectPathwayStepProcess
reactome:Pathway1849	7
reactome:Pathway1716	13
reactome:Pathway1801	6
reactome:Pathway2298	6
reactome:Pathway2383	31
reactome:Pathway2165	5
reactome:Pathway1934	20
reactome:Pathway2032	11
reactome:Pathway641	1
reactome:Pathway1053	10
reactome:Pathway1271	2
reactome:Pathway205	30
reactome:Pathway689	10
reactome:Pathway774	12
reactome:Pathway556	19
reactome:Pathway423	16
reactome:Pathway1848	16
reactome:Pathway2033	7
reactome:Pathway1933	10
reactome:Pathway2166	17
reactome:Pathway2384	23
reactome:Pathway2299	24
reactome:Pathway1800	4
reactome:Pathway119	24
reactome:Pathway1185	1
reactome:Pathway991	26
reactome:Pathway640	4
reactome:Pathway78	8
reactome:Pathway1270	2
reactome:Pathway773	4
reactome:Pathway337	6
reactome:Pathway688	3
reactome:Pathway555	36
reactome:Pathway30	3
reactome:Pathway422	7
reactome:Pathway1803	6
reactome:Pathway1936	5
reactome:Pathway2034	23
reactome:Pathway1718	4
reactome:Pathway2167	4
reactome:Pathway2385	6
reactome:Pathway203	41
reactome:Pathway1273	2
reactome:Pathway1140	1
reactome:Pathway990	14
reactome:Pathway772	2
reactome:Pathway33	7
reactome:Pathway336	23
reactome:Pathway469	5
reactome:Pathway1188	1
reactome:Pathway687	13
reactome:Pathway554	10
reactome:Pathway2471	31
reactome:Pathway2253	5
reactome:Pathway1802	8
reactome:Pathway2168	9
reactome:Pathway2035	10
reactome:Pathway1717	4
reactome:Pathway2386	9
reactome:Pathway420	38
reactome:Pathway1490	14
reactome:Pathway32	2
reactome:Pathway553	4
reactome:Pathway1272	2
reactome:Pathway771	6
reactome:Pathway117	25
reactome:Pathway468	3
reactome:Pathway1187	1
reactome:Pathway1054	2
reactome:Pathway686	3
reactome:Pathway335	16
reactome:Pathway1805	9
reactome:Pathway1938	3
reactome:Pathway2169	10
reactome:Pathway2254	6
reactome:Pathway2472	24
reactome:Pathway2690	40
reactome:Pathway2387	15
reactome:Pathway685	1
reactome:Pathway770	8
reactome:Pathway552	5
reactome:Pathway8	7
reactome:Pathway1360	2
reactome:Pathway1493	6
reactome:Pathway116	2
reactome:Pathway249	2
reactome:Pathway1275	2
reactome:Pathway201	5
reactome:Pathway334	6
reactome:Pathway467	15
reactome:Pathway1937	3
reactome:Pathway1804	4
reactome:Pathway2122	27
reactome:Pathway2691	4
reactome:Pathway2340	5
reactome:Pathway2255	6
reactome:Pathway2388	24
reactome:Pathway1719	6
reactome:Pathway2473	11
reactome:Pathway1141	1
reactome:Pathway115	13
reactome:Pathway333	44
reactome:Pathway684	4
reactome:Pathway551	5
reactome:Pathway1492	2
reactome:Pathway34	8
reactome:Pathway9	17
reactome:Pathway248	5
reactome:Pathway1189	1
reactome:Pathway466	3
reactome:Pathway599	4
reactome:Pathway200	14
reactome:Pathway1274	2
reactome:Pathway2692	2
reactome:Pathway2256	12
reactome:Pathway2123	13
reactome:Pathway2341	5
reactome:Pathway2474	56
reactome:Pathway2389	33
reactome:Pathway1807	1
reactome:Pathway6	2
reactome:Pathway37	11
reactome:Pathway332	8
reactome:Pathway465	8
reactome:Pathway550	14
reactome:Pathway1580	10
reactome:Pathway1277	2
reactome:Pathway1362	2
reactome:Pathway598	31
reactome:Pathway1059	1
reactome:Pathway1806	5
reactome:Pathway2039	8
reactome:Pathway2560	3
reactome:Pathway909	4
reactome:Pathway2475	32
reactome:Pathway2342	4
reactome:Pathway2693	2
reactome:Pathway1939	7
reactome:Pathway36	24
reactome:Pathway7	11
reactome:Pathway597	25
reactome:Pathway464	8
reactome:Pathway682	24
reactome:Pathway1361	2
reactome:Pathway331	31
reactome:Pathway1276	2
reactome:Pathway1010	6
reactome:Pathway113	9
reactome:Pathway246	16
reactome:Pathway379	35
reactome:Pathway1058	1
reactome:Pathway1756	5
reactome:Pathway1405	2
reactome:Pathway1538	5
reactome:Pathway908	15
reactome:Pathway1889	3
reactome:Pathway2290	2
reactome:Pathway2072	25
reactome:Pathway681	20
reactome:Pathway2517	3
reactome:Pathway1093	1
reactome:Pathway2735	5
reactome:Pathway2602	28
reactome:Pathway596	16
reactome:Pathway245	8
reactome:Pathway330	21
reactome:Pathway463	5
reactome:Pathway1841	7
reactome:Pathway1974	5
reactome:Pathway71	2
reactome:Pathway378	2
reactome:Pathway112	12
reactome:Pathway1404	2
reactome:Pathway1755	9
reactome:Pathway1319	1
reactome:Pathway1888	4
reactome:Pathway2073	4
reactome:Pathway2291	43
reactome:Pathway680	4
reactome:Pathway2736	4
reactome:Pathway2603	7
reactome:Pathway244	1
reactome:Pathway159	8
reactome:Pathway377	32
reactome:Pathway595	72
reactome:Pathway462	12
reactome:Pathway2518	54
reactome:Pathway1973	9
reactome:Pathway111	19
reactome:Pathway1840	48
reactome:Pathway1622	37
reactome:Pathway70	2
reactome:Pathway906	31
reactome:Pathway1758	4
reactome:Pathway1407	2
reactome:Pathway2737	2
reactome:Pathway2604	60
reactome:Pathway1180	3
reactome:Pathway158	8
reactome:Pathway2519	17
reactome:Pathway243	13
reactome:Pathway594	29
reactome:Pathway1095	1
reactome:Pathway110	7
reactome:Pathway73	2
reactome:Pathway1710	26
reactome:Pathway1624	11
reactome:Pathway905	44
reactome:Pathway1406	8
reactome:Pathway1975	2
reactome:Pathway2075	5
reactome:Pathway2160	1
reactome:Pathway460	14
reactome:Pathway1094	1
reactome:Pathway242	10
reactome:Pathway375	39
reactome:Pathway2738	10
reactome:Pathway72	2
reactome:Pathway1842	4
reactome:Pathway157	8
reactome:Pathway1712	6
reactome:Pathway904	42
reactome:Pathway1845	4
reactome:Pathway819	8
reactome:Pathway1978	11
reactome:Pathway1627	10
reactome:Pathway1409	2
reactome:Pathway2294	11
reactome:Pathway2076	5
reactome:Pathway592	23
reactome:Pathway241	11
reactome:Pathway289	4
reactome:Pathway2739	11
reactome:Pathway374	37
reactome:Pathway2606	25
reactome:Pathway1930	21
reactome:Pathway156	10
reactome:Pathway903	10
reactome:Pathway2380	76
reactome:Pathway1626	13
reactome:Pathway1977	12
reactome:Pathway1759	4
reactome:Pathway1844	7
reactome:Pathway2162	33
reactome:Pathway2295	11
reactome:Pathway1181	1
reactome:Pathway240	19
reactome:Pathway591	34
reactome:Pathway1096	1
reactome:Pathway288	7
reactome:Pathway2607	23
reactome:Pathway155	8
reactome:Pathway74	2
reactome:Pathway817	10
reactome:Pathway1847	12
reactome:Pathway1629	53
reactome:Pathway1932	5
reactome:Pathway2030	28
reactome:Pathway2296	19
reactome:Pathway2163	28
reactome:Pathway372	8
reactome:Pathway590	14
reactome:Pathway1184	1
reactome:Pathway1051	1
reactome:Pathway287	9
reactome:Pathway77	6
reactome:Pathway154	8
reactome:Pathway1099	20
reactome:Pathway902	23
reactome:Pathway816	12
reactome:Pathway1979	6
reactome:Pathway949	10
reactome:Pathway1713	7
reactome:Pathway1628	13
reactome:Pathway2297	28
reactome:Pathway1931	22
reactome:Pathway2079	5
reactome:Pathway2382	36
reactome:Pathway2031	36
reactome:Pathway2164	10
reactome:Pathway371	4
reactome:Pathway76	19
reactome:Pathway2609	7
reactome:Pathway286	5
reactome:Pathway1050	1
reactome:Pathway1183	1
reactome:Pathway1098	13
reactome:Pathway153	8
reactome:Pathway901	6
reactome:Pathway609	4
reactome:Pathway827	20
reactome:Pathway1227	2
reactome:Pathway2557	10
reactome:Pathway2424	4
reactome:Pathway2642	15
reactome:Pathway382	4
reactome:Pathway2339	6
reactome:Pathway297	24
reactome:Pathway1530	2
reactome:Pathway1796	3
reactome:Pathway2206	30
reactome:Pathway1312	2
reactome:Pathway1578	11
reactome:Pathway164	21
reactome:Pathway912	5
reactome:Pathway1359	2
reactome:Pathway959	4
reactome:Pathway826	4
reactome:Pathway608	33
reactome:Pathway2425	2
reactome:Pathway380	6
reactome:Pathway2643	41
reactome:Pathway2510	17
reactome:Pathway381	30
reactome:Pathway2207	10
reactome:Pathway911	20
reactome:Pathway1226	2
reactome:Pathway1311	2
reactome:Pathway1795	8
reactome:Pathway1880	2
reactome:Pathway163	15
reactome:Pathway1577	16
reactome:Pathway1447	2
reactome:Pathway958	11
reactome:Pathway1229	2
reactome:Pathway607	13
reactome:Pathway2511	24
reactome:Pathway295	74
reactome:Pathway2559	32
reactome:Pathway2426	5
reactome:Pathway1750	7
reactome:Pathway1883	14
reactome:Pathway162	8
reactome:Pathway1798	2
reactome:Pathway1314	2
reactome:Pathway825	9
reactome:Pathway1665	1
reactome:Pathway739	7
reactome:Pathway1579	24
reactome:Pathway160	14
reactome:Pathway1228	2
reactome:Pathway606	14
reactome:Pathway2645	17
reactome:Pathway2512	34
reactome:Pathway2730	20
reactome:Pathway294	13
reactome:Pathway2427	6
reactome:Pathway1531	2
reactome:Pathway161	6
reactome:Pathway1313	2
reactome:Pathway824	6
reactome:Pathway2209	21
reactome:Pathway957	12
reactome:Pathway1797	10
reactome:Pathway1446	2
reactome:Pathway738	7
reactome:Pathway1667	2
reactome:Pathway1316	2
reactome:Pathway1449	2
reactome:Pathway2513	57
reactome:Pathway2428	11
reactome:Pathway293	41
reactome:Pathway2646	9
reactome:Pathway1885	19
reactome:Pathway1752	15
reactome:Pathway605	12
reactome:Pathway1970	16
reactome:Pathway823	18
reactome:Pathway1401	2
reactome:Pathway1534	5
reactome:Pathway1315	10
reactome:Pathway1448	2
reactome:Pathway1799	3
reactome:Pathway519	5
reactome:Pathway2429	14
reactome:Pathway2647	8
reactome:Pathway1884	48
reactome:Pathway955	15
reactome:Pathway822	9
reactome:Pathway1400	2
reactome:Pathway604	16
reactome:Pathway1533	8
reactome:Pathway1666	2
reactome:Pathway737	1
reactome:Pathway1403	2
reactome:Pathway1536	2
reactome:Pathway1669	1
reactome:Pathway518	20
reactome:Pathway1887	7
reactome:Pathway2733	7
reactome:Pathway2070	32
reactome:Pathway2600	20
reactome:Pathway290	11
reactome:Pathway1091	2
reactome:Pathway821	18
reactome:Pathway1972	13
reactome:Pathway954	8
reactome:Pathway603	18
reactome:Pathway1754	6
reactome:Pathway736	19
reactome:Pathway1621	7
reactome:Pathway869	8
reactome:Pathway1668	1
reactome:Pathway1535	6
reactome:Pathway2601	14
reactome:Pathway2071	6
reactome:Pathway2649	32
reactome:Pathway2516	15
reactome:Pathway1090	3
reactome:Pathway2734	14
reactome:Pathway1886	3
reactome:Pathway953	16
reactome:Pathway1971	11
reactome:Pathway1620	8
reactome:Pathway517	8
reactome:Pathway868	30
reactome:Pathway602	39
reactome:Pathway1402	2
reactome:Pathway1753	4
reactome:Pathway2246	5
reactome:Pathway2028	16
reactome:Pathway2113	7
reactome:Pathway2464	5
reactome:Pathway2597	44
reactome:Pathway2331	16
reactome:Pathway27	3
reactome:Pathway1570	2
reactome:Pathway1001	22
reactome:Pathway601	19
reactome:Pathway1134	1
reactome:Pathway1352	2
reactome:Pathway1485	3
reactome:Pathway952	60
reactome:Pathway1049	1
reactome:Pathway649	28
reactome:Pathway867	48
reactome:Pathway516	16
reactome:Pathway1267	2
reactome:Pathway2247	6
reactome:Pathway2114	6
reactome:Pathway2332	5
reactome:Pathway2465	26
reactome:Pathway2550	11
reactome:Pathway2598	5
reactome:Pathway1929	23
reactome:Pathway5	3
reactome:Pathway1351	2
reactome:Pathway951	13
reactome:Pathway1266	2
reactome:Pathway600	74
reactome:Pathway1484	8
reactome:Pathway1000	1
reactome:Pathway733	4
reactome:Pathway999	1
reactome:Pathway1399	8
reactome:Pathway866	54
reactome:Pathway515	6
reactome:Pathway1048	1
reactome:Pathway2115	4
reactome:Pathway2248	6
reactome:Pathway2200	10
reactome:Pathway2333	7
reactome:Pathway2466	3
reactome:Pathway2599	12
reactome:Pathway1790	4
reactome:Pathway1221	2
reactome:Pathway1354	2
reactome:Pathway865	22
reactome:Pathway1487	18
reactome:Pathway1269	2
reactome:Pathway998	1
reactome:Pathway1003	1
reactome:Pathway1136	1
reactome:Pathway647	14
reactome:Pathway514	18
reactome:Pathway2249	12
reactome:Pathway2116	10
reactome:Pathway2201	8
reactome:Pathway2552	5
reactome:Pathway28	3
reactome:Pathway2334	3
reactome:Pathway2467	6
reactome:Pathway513	14
reactome:Pathway1571	3
reactome:Pathway1002	18
reactome:Pathway997	1
reactome:Pathway1353	2
reactome:Pathway1220	2
reactome:Pathway428	5
reactome:Pathway779	35
reactome:Pathway3	8
reactome:Pathway1268	2
reactome:Pathway646	23
reactome:Pathway1135	3
reactome:Pathway2202	14
reactome:Pathway2117	12
reactome:Pathway2420	3
reactome:Pathway2553	5
reactome:Pathway2468	11
reactome:Pathway2335	13
reactome:Pathway2686	10
reactome:Pathway209	57
reactome:Pathway730	4
reactome:Pathway645	9
reactome:Pathway1792	4
reactome:Pathway512	4
reactome:Pathway863	7
reactome:Pathway1574	29
reactome:Pathway996	1
reactome:Pathway1005	3
reactome:Pathway778	55
reactome:Pathway1356	2
reactome:Pathway1489	14
reactome:Pathway427	8
reactome:Pathway1223	2
reactome:Pathway2421	7
reactome:Pathway2336	30
reactome:Pathway2469	9
reactome:Pathway2687	18
reactome:Pathway1222	2
reactome:Pathway862	6
reactome:Pathway995	1
reactome:Pathway1440	2
reactome:Pathway1791	6
reactome:Pathway511	4
reactome:Pathway1573	28
reactome:Pathway777	43
reactome:Pathway1355	2
reactome:Pathway2118	5
reactome:Pathway1488	13
reactome:Pathway426	7
reactome:Pathway1007	2
reactome:Pathway2204	14
reactome:Pathway2640	20
reactome:Pathway2337	6
reactome:Pathway2422	4
reactome:Pathway2555	9
reactome:Pathway207	20
reactome:Pathway861	6
reactome:Pathway994	1
reactome:Pathway425	3
reactome:Pathway776	15
reactome:Pathway1794	11
reactome:Pathway1661	1
reactome:Pathway510	2
reactome:Pathway1443	2
reactome:Pathway1225	2
reactome:Pathway1358	2
reactome:Pathway2205	12
reactome:Pathway2689	21
reactome:Pathway2556	10
reactome:Pathway2423	2
reactome:Pathway206	66
reactome:Pathway2338	2
reactome:Pathway993	1
reactome:Pathway1660	3
reactome:Pathway424	9
reactome:Pathway557	14
reactome:Pathway642	2
reactome:Pathway1793	3
reactome:Pathway1006	32
reactome:Pathway1224	2
reactome:Pathway1357	2
reactome:Pathway339	12
reactome:Pathway1837	8
reactome:Pathway1922	1
reactome:Pathway2286	2
reactome:Pathway1704	2
reactome:Pathway1619	5
reactome:Pathway2068	5
reactome:Pathway2371	3
reactome:Pathway2020	8
reactome:Pathway980	2
reactome:Pathway1392	2
reactome:Pathway67	2
reactome:Pathway762	11
reactome:Pathway895	23
reactome:Pathway1089	3
reactome:Pathway326	29
reactome:Pathway677	3
reactome:Pathway411	16
reactome:Pathway544	15
reactome:Pathway459	8
reactome:Pathway1703	1
reactome:Pathway1836	3
reactome:Pathway1969	7
reactome:Pathway2372	29
reactome:Pathway2154	6
reactome:Pathway2590	49
reactome:Pathway1921	6
reactome:Pathway1618	6
reactome:Pathway2069	13
reactome:Pathway2021	5
reactome:Pathway107	27
reactome:Pathway1391	2
reactome:Pathway1173	5
reactome:Pathway410	2
reactome:Pathway761	10
reactome:Pathway1040	1
reactome:Pathway66	2
reactome:Pathway894	31
reactome:Pathway458	5
reactome:Pathway1088	10
reactome:Pathway543	10
reactome:Pathway1839	3
reactome:Pathway1924	4
reactome:Pathway2022	63
reactome:Pathway2155	28
reactome:Pathway2373	7
reactome:Pathway2591	15
reactome:Pathway2288	25
reactome:Pathway1706	2
reactome:Pathway2240	4
reactome:Pathway69	2
reactome:Pathway542	38
reactome:Pathway21	4
reactome:Pathway1261	2
reactome:Pathway760	6
reactome:Pathway106	27
reactome:Pathway1394	2
reactome:Pathway1176	2
reactome:Pathway1043	1
reactome:Pathway324	2
reactome:Pathway675	6
reactome:Pathway239	21
reactome:Pathway1838	6
reactome:Pathway1705	2
reactome:Pathway1923	4
reactome:Pathway2592	11
reactome:Pathway2289	27
reactome:Pathway2156	10
reactome:Pathway2374	36
reactome:Pathway2241	18
reactome:Pathway674	8
reactome:Pathway20	3
reactome:Pathway1042	1
reactome:Pathway892	8
reactome:Pathway1260	2
reactome:Pathway1393	2
reactome:Pathway105	12
reactome:Pathway238	10
reactome:Pathway589	25
reactome:Pathway323	43
reactome:Pathway456	18
reactome:Pathway1175	4
reactome:Pathway1926	20
reactome:Pathway2593	7
reactome:Pathway2460	20
reactome:Pathway2024	19
reactome:Pathway2157	34
reactome:Pathway1708	5
reactome:Pathway2375	43
reactome:Pathway1130	6
reactome:Pathway891	3
reactome:Pathway673	5
reactome:Pathway322	8
reactome:Pathway540	10
reactome:Pathway1481	6
reactome:Pathway23	6
reactome:Pathway237	13
reactome:Pathway1045	1
reactome:Pathway1396	2
reactome:Pathway455	14
reactome:Pathway1263	2
reactome:Pathway2158	45
reactome:Pathway1925	8
reactome:Pathway2243	6
reactome:Pathway2461	11
reactome:Pathway2025	18
reactome:Pathway2594	3
reactome:Pathway890	77
reactome:Pathway1262	2
reactome:Pathway454	8
reactome:Pathway1480	16
reactome:Pathway103	13
reactome:Pathway672	5
reactome:Pathway369	10
reactome:Pathway1395	2
reactome:Pathway1177	1
reactome:Pathway587	73
reactome:Pathway236	17
reactome:Pathway1044	1
reactome:Pathway2159	42
reactome:Pathway2026	8
reactome:Pathway2111	2
reactome:Pathway2680	4
reactome:Pathway2244	3
reactome:Pathway2377	11
reactome:Pathway2595	12
reactome:Pathway2462	13
reactome:Pathway1928	7
reactome:Pathway453	6
reactome:Pathway586	8
reactome:Pathway1350	2
reactome:Pathway320	12
reactome:Pathway1483	2
reactome:Pathway1265	2
reactome:Pathway235	2
reactome:Pathway102	17
reactome:Pathway1398	4
reactome:Pathway1047	1
reactome:Pathway2027	5
reactome:Pathway1927	4
reactome:Pathway2681	12
reactome:Pathway2245	25
reactome:Pathway2112	7
reactome:Pathway1709	16
reactome:Pathway2596	6
reactome:Pathway2330	12
reactome:Pathway2463	4
reactome:Pathway2378	21
reactome:Pathway670	4
reactome:Pathway24	9
reactome:Pathway234	16
reactome:Pathway585	31
reactome:Pathway452	18
reactome:Pathway149	18
reactome:Pathway1482	1
reactome:Pathway1046	1
reactome:Pathway367	18
reactome:Pathway1264	2
reactome:Pathway1397	2
reactome:Pathway1179	1
reactome:Pathway1744	6
reactome:Pathway1659	1
reactome:Pathway1526	11
reactome:Pathway1308	2
reactome:Pathway1877	7
reactome:Pathway2193	72
reactome:Pathway1081	1
reactome:Pathway2505	12
reactome:Pathway2723	3
reactome:Pathway148	29
reactome:Pathway366	5
reactome:Pathway451	1
reactome:Pathway584	6
reactome:Pathway1962	16
reactome:Pathway100	8
reactome:Pathway499	3
reactome:Pathway1611	5
reactome:Pathway1525	7
reactome:Pathway1307	2
reactome:Pathway1658	1
reactome:Pathway1876	18
reactome:Pathway2194	24
reactome:Pathway2061	14
reactome:Pathway2506	6
reactome:Pathway450	10
reactome:Pathway2724	9
reactome:Pathway1080	1
reactome:Pathway365	12
reactome:Pathway498	3
reactome:Pathway2639	32
reactome:Pathway232	6
reactome:Pathway583	5
reactome:Pathway1961	14
reactome:Pathway1743	4
reactome:Pathway1610	9
reactome:Pathway1613	11
reactome:Pathway1746	5
reactome:Pathway1879	2
reactome:Pathway1964	9
reactome:Pathway2062	28
reactome:Pathway2195	4
reactome:Pathway2280	20
reactome:Pathway582	21
reactome:Pathway1083	1
reactome:Pathway231	16
reactome:Pathway2507	49
reactome:Pathway364	4
reactome:Pathway1831	1
reactome:Pathway279	10
reactome:Pathway146	16
reactome:Pathway1745	9
reactome:Pathway1612	3
reactome:Pathway1527	7
reactome:Pathway808	6
reactome:Pathway1878	11
reactome:Pathway1309	2
reactome:Pathway2063	14
reactome:Pathway2196	4
reactome:Pathway2281	5
reactome:Pathway2726	17
reactome:Pathway1082	1
reactome:Pathway581	14
reactome:Pathway278	27
reactome:Pathway363	8
reactome:Pathway496	6
reactome:Pathway1830	3
reactome:Pathway60	4
reactome:Pathway1963	11
reactome:Pathway145	10
reactome:Pathway1700	2
reactome:Pathway1615	9
reactome:Pathway807	10
reactome:Pathway1966	7
reactome:Pathway1833	3
reactome:Pathway2282	16
reactome:Pathway2197	36
reactome:Pathway2064	16
reactome:Pathway362	14
reactome:Pathway580	25
reactome:Pathway277	17
reactome:Pathway1085	1
reactome:Pathway2509	6
reactome:Pathway2727	3
reactome:Pathway144	4
reactome:Pathway63	6
reactome:Pathway806	6
reactome:Pathway939	6
reactome:Pathway1614	8
reactome:Pathway2198	10
reactome:Pathway1832	2
reactome:Pathway1965	10
reactome:Pathway2283	7
reactome:Pathway2150	5
reactome:Pathway2065	9
reactome:Pathway494	15
reactome:Pathway361	11
reactome:Pathway2728	10
reactome:Pathway276	9
reactome:Pathway1084	1
reactome:Pathway143	12
reactome:Pathway1968	11
reactome:Pathway938	8
reactome:Pathway1702	1
reactome:Pathway1617	77
reactome:Pathway2066	2
reactome:Pathway2199	6
reactome:Pathway1835	13
reactome:Pathway2151	2
reactome:Pathway2284	2
reactome:Pathway493	2
reactome:Pathway360	11
reactome:Pathway65	5
reactome:Pathway2729	15
reactome:Pathway275	8
reactome:Pathway1172	1
reactome:Pathway1087	10
reactome:Pathway142	8
reactome:Pathway804	7
reactome:Pathway719	5
reactome:Pathway1749	4
reactome:Pathway1834	10
reactome:Pathway2067	7
reactome:Pathway1967	11
reactome:Pathway2370	28
reactome:Pathway2285	4
reactome:Pathway2152	4
reactome:Pathway274	47
reactome:Pathway492	3
reactome:Pathway64	2
reactome:Pathway1171	1
reactome:Pathway189	2
reactome:Pathway141	8
reactome:Pathway948	3
reactome:Pathway815	2
reactome:Pathway1348	2
reactome:Pathway2630	16
reactome:Pathway2678	7
reactome:Pathway2545	6
reactome:Pathway2412	8
reactome:Pathway285	14
reactome:Pathway370	20
reactome:Pathway2327	9
reactome:Pathway1651	1
reactome:Pathway1215	2
reactome:Pathway900	2
reactome:Pathway1300	2
reactome:Pathway1433	1
reactome:Pathway1784	5
reactome:Pathway1699	2
reactome:Pathway1566	17
reactome:Pathway2109	4
reactome:Pathway947	17
reactome:Pathway1129	1
reactome:Pathway729	10
reactome:Pathway2546	24
reactome:Pathway2413	8
reactome:Pathway2631	6
reactome:Pathway284	19
reactome:Pathway2679	10
reactome:Pathway2328	21
reactome:Pathway199	1
reactome:Pathway1783	3
reactome:Pathway1650	1
reactome:Pathway1432	4
reactome:Pathway151	17
reactome:Pathway1214	2
reactome:Pathway814	2
reactome:Pathway1347	2
reactome:Pathway1698	2
reactome:Pathway1568	2
reactome:Pathway728	4
reactome:Pathway1217	2
reactome:Pathway2632	16
reactome:Pathway2329	11
reactome:Pathway283	18
reactome:Pathway2547	8
reactome:Pathway198	13
reactome:Pathway1520	3
reactome:Pathway1653	1
reactome:Pathway1871	38
reactome:Pathway150	25
reactome:Pathway813	2
reactome:Pathway946	61
reactome:Pathway1302	2
reactome:Pathway1786	59
reactome:Pathway727	5
reactome:Pathway1349	2
reactome:Pathway509	4
reactome:Pathway1216	2
reactome:Pathway2633	19
reactome:Pathway281	19
reactome:Pathway2500	23
reactome:Pathway282	24
reactome:Pathway1870	36
reactome:Pathway1652	2
reactome:Pathway812	2
reactome:Pathway1301	2
reactome:Pathway1567	2
reactome:Pathway197	1
reactome:Pathway1219	2
reactome:Pathway1304	2
reactome:Pathway1788	4
reactome:Pathway508	21
reactome:Pathway280	20
reactome:Pathway2634	5
reactome:Pathway2501	24
reactome:Pathway2549	6
reactome:Pathway1873	15
reactome:Pathway1740	4
reactome:Pathway1522	14
reactome:Pathway1655	1
reactome:Pathway726	4
reactome:Pathway196	1
reactome:Pathway1569	1
reactome:Pathway1436	4
reactome:Pathway1218	2
reactome:Pathway2502	21
reactome:Pathway2190	12
reactome:Pathway2417	22
reactome:Pathway1872	22
reactome:Pathway195	23
reactome:Pathway1521	2
reactome:Pathway943	1
reactome:Pathway725	4
reactome:Pathway858	8
reactome:Pathway1303	2
reactome:Pathway1654	1
reactome:Pathway1657	1
reactome:Pathway1524	1
reactome:Pathway1306	2
reactome:Pathway193	56
reactome:Pathway1439	2
reactome:Pathway2191	2
reactome:Pathway2721	27
reactome:Pathway2418	8
reactome:Pathway2636	12
reactome:Pathway2503	39
reactome:Pathway942	9
reactome:Pathway506	27
reactome:Pathway194	1
reactome:Pathway724	5
reactome:Pathway857	20
reactome:Pathway1742	15
reactome:Pathway1789	4
reactome:Pathway1305	4
reactome:Pathway1656	1
reactome:Pathway1438	2
reactome:Pathway192	1
reactome:Pathway2722	2
reactome:Pathway2192	4
reactome:Pathway2637	6
reactome:Pathway2504	13
reactome:Pathway2419	8
reactome:Pathway1874	2
reactome:Pathway856	4
reactome:Pathway1523	1
reactome:Pathway191	21
reactome:Pathway2016	23
reactome:Pathway419	22
reactome:Pathway2149	10
reactome:Pathway2234	8
reactome:Pathway2585	42
reactome:Pathway2452	22
reactome:Pathway2367	14
reactome:Pathway15	5
reactome:Pathway1691	1
reactome:Pathway940	5
reactome:Pathway1340	2
reactome:Pathway1255	2
reactome:Pathway1473	9
reactome:Pathway722	1
reactome:Pathway988	7
reactome:Pathway855	18
reactome:Pathway1388	2
reactome:Pathway637	14
reactome:Pathway504	50
reactome:Pathway1037	1
reactome:Pathway2235	7
reactome:Pathway190	9
reactome:Pathway2017	6
reactome:Pathway2102	11
reactome:Pathway2586	29
reactome:Pathway2453	25
reactome:Pathway2671	4
reactome:Pathway1917	9
reactome:Pathway2368	9
reactome:Pathway14	4
reactome:Pathway1690	1
reactome:Pathway1254	2
reactome:Pathway721	4
reactome:Pathway1121	1
reactome:Pathway1387	6
reactome:Pathway854	12
reactome:Pathway418	7
reactome:Pathway987	14
reactome:Pathway1036	1
reactome:Pathway636	4
reactome:Pathway769	1
reactome:Pathway503	9
reactome:Pathway2236	15
reactome:Pathway2103	11
reactome:Pathway2018	8
reactome:Pathway2672	62
reactome:Pathway2369	8
reactome:Pathway17	4
reactome:Pathway2587	34
reactome:Pathway502	6
reactome:Pathway1693	2
reactome:Pathway1560	1
reactome:Pathway1342	2
reactome:Pathway986	3
reactome:Pathway853	14
reactome:Pathway417	13
reactome:Pathway1039	1
reactome:Pathway768	4
reactome:Pathway1257	2
reactome:Pathway1124	1
reactome:Pathway635	8
reactome:Pathway2104	4
reactome:Pathway2322	9
reactome:Pathway2673	2
reactome:Pathway2540	1
reactome:Pathway1919	9
reactome:Pathway2588	46
reactome:Pathway16	6
reactome:Pathway634	12
reactome:Pathway1123	1
reactome:Pathway1341	2
reactome:Pathway852	2
reactome:Pathway501	13
reactome:Pathway1692	2
reactome:Pathway1474	11
reactome:Pathway985	3
reactome:Pathway767	2
reactome:Pathway2019	8
reactome:Pathway549	2
reactome:Pathway1389	2
reactome:Pathway1256	2
reactome:Pathway2238	20
reactome:Pathway2105	3
reactome:Pathway2674	4
reactome:Pathway2323	12
reactome:Pathway19	4
reactome:Pathway2456	7
reactome:Pathway984	9
reactome:Pathway633	4
reactome:Pathway1780	4
reactome:Pathway500	5
reactome:Pathway766	27
reactome:Pathway899	16
reactome:Pathway1259	2
reactome:Pathway1344	2
reactome:Pathway1126	1
reactome:Pathway548	41
reactome:Pathway2542	14
reactome:Pathway2457	51
reactome:Pathway18	8
reactome:Pathway2675	11
reactome:Pathway2324	11
reactome:Pathway850	6
reactome:Pathway1561	2
reactome:Pathway1210	2
reactome:Pathway632	8
reactome:Pathway765	2
reactome:Pathway1694	2
reactome:Pathway1343	2
reactome:Pathway898	23
reactome:Pathway1476	6
reactome:Pathway1258	2
reactome:Pathway2239	7
reactome:Pathway1125	1
reactome:Pathway547	16
reactome:Pathway1128	1
reactome:Pathway2325	10
reactome:Pathway2458	46
reactome:Pathway2543	8
reactome:Pathway982	15
reactome:Pathway413	8
reactome:Pathway546	15
reactome:Pathway764	42
reactome:Pathway1782	2
reactome:Pathway1431	2
reactome:Pathway1697	3
reactome:Pathway1564	3
reactome:Pathway2107	10
reactome:Pathway1346	4
reactome:Pathway1213	1
reactome:Pathway328	29
reactome:Pathway679	38
reactome:Pathway2677	13
reactome:Pathway2326	9
reactome:Pathway2544	4
reactome:Pathway2459	12
reactome:Pathway109	17
reactome:Pathway981	3
reactome:Pathway1781	7
reactome:Pathway763	21
reactome:Pathway545	6
reactome:Pathway896	43
reactome:Pathway1430	2
reactome:Pathway1563	5
reactome:Pathway412	6
reactome:Pathway2108	6
reactome:Pathway1127	1
reactome:Pathway1696	1
reactome:Pathway1345	2
reactome:Pathway327	8
reactome:Pathway1478	3
reactome:Pathway1212	1
reactome:Pathway1825	10
reactome:Pathway1958	15
reactome:Pathway2056	3
reactome:Pathway2492	9
reactome:Pathway1607	5
reactome:Pathway2189	7
reactome:Pathway1910	10
reactome:Pathway2274	5
reactome:Pathway2141	19
reactome:Pathway229	7
reactome:Pathway1380	2
reactome:Pathway1295	6
reactome:Pathway750	9
reactome:Pathway314	18
reactome:Pathway447	8
reactome:Pathway798	4
reactome:Pathway665	7
reactome:Pathway1077	3
reactome:Pathway532	37
reactome:Pathway1957	8
reactome:Pathway2493	10
reactome:Pathway1824	46
reactome:Pathway2275	4
reactome:Pathway2057	2
reactome:Pathway2360	17
reactome:Pathway1739	6
reactome:Pathway2142	5
reactome:Pathway228	11
reactome:Pathway531	8
reactome:Pathway54	1
reactome:Pathway1294	4
reactome:Pathway1161	1
reactome:Pathway882	12
reactome:Pathway579	1
reactome:Pathway446	13
reactome:Pathway797	5
reactome:Pathway1076	15
reactome:Pathway664	2
reactome:Pathway313	14
reactome:Pathway1827	10
reactome:Pathway2361	43
reactome:Pathway2276	3
reactome:Pathway2143	33
reactome:Pathway2494	8
reactome:Pathway2058	2
reactome:Pathway1609	26
reactome:Pathway57	6
reactome:Pathway663	4
reactome:Pathway881	9
reactome:Pathway1382	6
reactome:Pathway796	2
reactome:Pathway578	7
reactome:Pathway1079	1
reactome:Pathway445	45
reactome:Pathway1164	1
reactome:Pathway2059	2
reactome:Pathway1959	10
reactome:Pathway1826	11
reactome:Pathway1911	8
reactome:Pathway1608	22
reactome:Pathway2277	4
reactome:Pathway2495	9
reactome:Pathway880	23
reactome:Pathway1030	1
reactome:Pathway1381	2
reactome:Pathway311	12
reactome:Pathway56	7
reactome:Pathway226	28
reactome:Pathway795	5
reactome:Pathway359	18
reactome:Pathway444	34
reactome:Pathway577	18
reactome:Pathway1296	4
reactome:Pathway1914	19
reactome:Pathway2581	31
reactome:Pathway2012	11
reactome:Pathway2278	29
reactome:Pathway2145	41
reactome:Pathway2230	10
reactome:Pathway2363	47
reactome:Pathway2496	6
reactome:Pathway1829	10
reactome:Pathway59	6
reactome:Pathway1251	2
reactome:Pathway225	15
reactome:Pathway310	15
reactome:Pathway443	7
reactome:Pathway661	23
reactome:Pathway794	4
reactome:Pathway11	11
reactome:Pathway358	6
reactome:Pathway1384	8
reactome:Pathway1299	2
reactome:Pathway1166	1
reactome:Pathway1033	1
reactome:Pathway576	5
reactome:Pathway1828	6
reactome:Pathway2279	20
reactome:Pathway1913	32
reactome:Pathway2582	68
reactome:Pathway2231	8
reactome:Pathway2146	24
reactome:Pathway2013	33
reactome:Pathway2497	3
reactome:Pathway2364	26
reactome:Pathway442	6
reactome:Pathway575	3
reactome:Pathway10	9
reactome:Pathway1250	2
reactome:Pathway793	2
reactome:Pathway224	26
reactome:Pathway139	58
reactome:Pathway1383	2
reactome:Pathway1298	2
reactome:Pathway1165	2
reactome:Pathway357	33
reactome:Pathway1916	2
reactome:Pathway2450	25
reactome:Pathway2014	20
reactome:Pathway2365	29
reactome:Pathway2498	13
reactome:Pathway2583	25
reactome:Pathway13	4
reactome:Pathway574	8
reactome:Pathway1471	2
reactome:Pathway441	15
reactome:Pathway138	10
reactome:Pathway356	12
reactome:Pathway223	14
reactome:Pathway1253	2
reactome:Pathway1386	6
reactome:Pathway489	5
reactome:Pathway1120	58
reactome:Pathway1168	1
reactome:Pathway2148	12
reactome:Pathway2015	21
reactome:Pathway1915	28
reactome:Pathway2100	2
reactome:Pathway2584	6
reactome:Pathway2451	14
reactome:Pathway2499	3
reactome:Pathway137	24
reactome:Pathway355	12
reactome:Pathway440	8
reactome:Pathway1470	11
reactome:Pathway573	50
reactome:Pathway12	6
reactome:Pathway1034	1
reactome:Pathway1167	1
reactome:Pathway1385	8
reactome:Pathway488	6
reactome:Pathway222	17
reactome:Pathway1252	2
reactome:Pathway1514	3
reactome:Pathway1647	6
reactome:Pathway1429	2
reactome:Pathway1998	11
reactome:Pathway2096	3
reactome:Pathway2711	2
reactome:Pathway2181	24
reactome:Pathway790	43
reactome:Pathway354	4
reactome:Pathway487	3
reactome:Pathway136	27
reactome:Pathway2408	23
reactome:Pathway572	9
reactome:Pathway221	14
reactome:Pathway1950	22
reactome:Pathway95	6
reactome:Pathway1732	6
reactome:Pathway1646	20
reactome:Pathway1513	6
reactome:Pathway1428	2
reactome:Pathway1779	9
reactome:Pathway1997	21
reactome:Pathway2097	66
reactome:Pathway2182	21
reactome:Pathway2712	9
reactome:Pathway486	17
reactome:Pathway353	4
reactome:Pathway94	36
reactome:Pathway220	2
reactome:Pathway268	26
reactome:Pathway1731	4
reactome:Pathway1734	6
reactome:Pathway1601	28
reactome:Pathway1516	2
reactome:Pathway1867	35
reactome:Pathway2183	4
reactome:Pathway2098	7
reactome:Pathway2050	2
reactome:Pathway1071	2
reactome:Pathway2713	9
reactome:Pathway267	8
reactome:Pathway352	4
reactome:Pathway2628	22
reactome:Pathway134	4
reactome:Pathway1733	9
reactome:Pathway1515	8
reactome:Pathway1999	99
reactome:Pathway929	4
reactome:Pathway1866	23
reactome:Pathway2051	11
reactome:Pathway1070	2
reactome:Pathway351	20
reactome:Pathway2714	1
reactome:Pathway266	7
reactome:Pathway399	6
reactome:Pathway484	2
reactome:Pathway2629	11
reactome:Pathway133	98
reactome:Pathway1951	13
reactome:Pathway1600	8
reactome:Pathway928	4
reactome:Pathway1518	3
reactome:Pathway1821	29
reactome:Pathway1954	3
reactome:Pathway2052	5
reactome:Pathway2185	8
reactome:Pathway350	2
reactome:Pathway1291	2
reactome:Pathway483	28
reactome:Pathway398	41
reactome:Pathway265	6
reactome:Pathway99	16
reactome:Pathway1073	2
reactome:Pathway132	4
reactome:Pathway51	3
reactome:Pathway1602	13
reactome:Pathway927	1
reactome:Pathway1735	18
reactome:Pathway1517	3
reactome:Pathway1868	6
reactome:Pathway1953	18
reactome:Pathway2271	8
reactome:Pathway2186	9
reactome:Pathway482	2
reactome:Pathway1290	4
reactome:Pathway98	6
reactome:Pathway264	8
reactome:Pathway397	10
reactome:Pathway50	3
reactome:Pathway1820	78
reactome:Pathway179	12
reactome:Pathway926	3
reactome:Pathway708	13
reactome:Pathway1823	2
reactome:Pathway1605	12
reactome:Pathway2187	10
reactome:Pathway2272	8
reactome:Pathway2054	2
reactome:Pathway263	4
reactome:Pathway481	12
reactome:Pathway1075	3
reactome:Pathway53	5
reactome:Pathway396	16
reactome:Pathway2717	11
reactome:Pathway1293	4
reactome:Pathway178	19
reactome:Pathway130	27
reactome:Pathway925	2
reactome:Pathway1604	38
reactome:Pathway2055	3
reactome:Pathway2188	8
reactome:Pathway1955	36
reactome:Pathway1737	8
reactome:Pathway2491	17
reactome:Pathway1519	2
reactome:Pathway1822	21
reactome:Pathway2140	28
reactome:Pathway2273	6
reactome:Pathway262	8
reactome:Pathway480	9
reactome:Pathway1074	3
reactome:Pathway2718	61
reactome:Pathway1292	2
reactome:Pathway177	8
reactome:Pathway52	3
reactome:Pathway1469	38
reactome:Pathway936	3
reactome:Pathway718	4
reactome:Pathway2751	27
reactome:Pathway490	9
reactome:Pathway2315	3
reactome:Pathway2666	7
reactome:Pathway2400	39
reactome:Pathway2533	5
reactome:Pathway2448	27
reactome:Pathway188	2
reactome:Pathway1772	6
reactome:Pathway140	37
reactome:Pathway1421	2
reactome:Pathway1203	2
reactome:Pathway1554	5
reactome:Pathway1336	1
reactome:Pathway803	7
reactome:Pathway1990	31
reactome:Pathway717	8
reactome:Pathway1117	1
reactome:Pathway2667	2
reactome:Pathway2534	4
reactome:Pathway2401	25
reactome:Pathway272	7
reactome:Pathway187	21
reactome:Pathway1420	2
reactome:Pathway1771	5
reactome:Pathway1686	4
reactome:Pathway1553	12
reactome:Pathway1335	2
reactome:Pathway1202	2
reactome:Pathway802	6
reactome:Pathway935	9
reactome:Pathway1468	9
reactome:Pathway1689	2
reactome:Pathway1338	6
reactome:Pathway849	4
reactome:Pathway1205	2
reactome:Pathway2535	4
reactome:Pathway270	38
reactome:Pathway271	4
reactome:Pathway2317	70
reactome:Pathway2668	4
reactome:Pathway1774	7
reactome:Pathway801	6
reactome:Pathway1992	16
reactome:Pathway1641	33
reactome:Pathway186	2
reactome:Pathway1423	2
reactome:Pathway934	7
reactome:Pathway1556	7
reactome:Pathway1337	2
reactome:Pathway848	15
reactome:Pathway1119	49
reactome:Pathway2403	6
reactome:Pathway2621	56
reactome:Pathway2090	15
reactome:Pathway2536	3
reactome:Pathway800	4
reactome:Pathway933	5
reactome:Pathway1204	2
reactome:Pathway1991	4
reactome:Pathway1422	2
reactome:Pathway1688	1
reactome:Pathway1555	5
reactome:Pathway185	21
reactome:Pathway1425	2
reactome:Pathway1207	2
reactome:Pathway1558	2
reactome:Pathway629	7
reactome:Pathway2622	39
reactome:Pathway2092	5
reactome:Pathway2404	14
reactome:Pathway2537	7
reactome:Pathway1861	9
reactome:Pathway1994	25
reactome:Pathway184	9
reactome:Pathway1510	16
reactome:Pathway932	8
reactome:Pathway714	2
reactome:Pathway1776	4
reactome:Pathway91	12
reactome:Pathway847	24
reactome:Pathway1557	4
reactome:Pathway182	6
reactome:Pathway1206	3
reactome:Pathway1339	6
reactome:Pathway2623	22
reactome:Pathway2093	7
reactome:Pathway2405	24
reactome:Pathway1993	5
reactome:Pathway931	5
reactome:Pathway90	4
reactome:Pathway713	4
reactome:Pathway183	13
reactome:Pathway1860	36
reactome:Pathway846	12
reactome:Pathway979	5
reactome:Pathway1424	2
reactome:Pathway1775	10
reactome:Pathway1778	18
reactome:Pathway1645	33
reactome:Pathway1427	2
reactome:Pathway409	8
reactome:Pathway181	17
reactome:Pathway1209	2
reactome:Pathway2094	12
reactome:Pathway2406	24
reactome:Pathway2539	2
reactome:Pathway1863	13
reactome:Pathway93	8
reactome:Pathway1996	15
reactome:Pathway1730	14
reactome:Pathway627	8
reactome:Pathway712	9
reactome:Pathway978	14
reactome:Pathway180	4
reactome:Pathway1208	2
reactome:Pathway1426	2
reactome:Pathway408	30
reactome:Pathway2095	10
reactome:Pathway2710	3
reactome:Pathway2407	27
reactome:Pathway2625	58
reactome:Pathway711	13
reactome:Pathway1862	18
reactome:Pathway844	3
reactome:Pathway626	20
reactome:Pathway1511	6
reactome:Pathway1644	15
reactome:Pathway92	7
reactome:Pathway2137	2
reactome:Pathway2004	59
reactome:Pathway2222	1
reactome:Pathway2355	15
reactome:Pathway2440	2
reactome:Pathway2573	21
reactome:Pathway2488	11
reactome:Pathway1906	2
reactome:Pathway1461	8
reactome:Pathway1594	41
reactome:Pathway1243	2
reactome:Pathway1110	1
reactome:Pathway710	10
reactome:Pathway843	16
reactome:Pathway1376	4
reactome:Pathway407	4
reactome:Pathway976	14
reactome:Pathway758	9
reactome:Pathway625	4
reactome:Pathway1905	7
reactome:Pathway2005	3
reactome:Pathway2138	2
reactome:Pathway2223	37
reactome:Pathway2574	12
reactome:Pathway2441	13
reactome:Pathway2356	26
reactome:Pathway2489	4
reactome:Pathway1593	1
reactome:Pathway1024	1
reactome:Pathway842	5
reactome:Pathway975	3
reactome:Pathway1242	2
reactome:Pathway539	28
reactome:Pathway406	4
reactome:Pathway1157	1
reactome:Pathway2224	69
reactome:Pathway2139	6
reactome:Pathway2006	12
reactome:Pathway2660	6
reactome:Pathway1908	9
reactome:Pathway2357	5
reactome:Pathway1112	1
reactome:Pathway841	9
reactome:Pathway1681	1
reactome:Pathway1596	7
reactome:Pathway1463	8
reactome:Pathway974	21
reactome:Pathway756	11
reactome:Pathway1027	1
reactome:Pathway1378	2
reactome:Pathway538	19
reactome:Pathway889	12
reactome:Pathway1245	2
reactome:Pathway405	4
reactome:Pathway2225	14
reactome:Pathway2007	3
reactome:Pathway2310	23
reactome:Pathway2443	59
reactome:Pathway2661	47
reactome:Pathway2358	41
reactome:Pathway1907	5
reactome:Pathway2576	12
reactome:Pathway1680	2
reactome:Pathway1244	2
reactome:Pathway840	14
reactome:Pathway973	6
reactome:Pathway1462	8
reactome:Pathway1111	1
reactome:Pathway755	13
reactome:Pathway1595	3
reactome:Pathway1377	2
reactome:Pathway888	18
reactome:Pathway1159	40
reactome:Pathway319	58
reactome:Pathway537	33
reactome:Pathway1026	1
reactome:Pathway1029	1
reactome:Pathway2311	28
reactome:Pathway2662	10
reactome:Pathway2359	5
reactome:Pathway2577	7
reactome:Pathway972	7
reactome:Pathway1550	5
reactome:Pathway754	8
reactome:Pathway1332	4
reactome:Pathway887	7
reactome:Pathway2008	8
reactome:Pathway318	27
reactome:Pathway1465	9
reactome:Pathway1247	2
reactome:Pathway1114	1
reactome:Pathway536	12
reactome:Pathway2227	14
reactome:Pathway2578	6
reactome:Pathway1909	8
reactome:Pathway2312	17
reactome:Pathway2445	10
reactome:Pathway1682	2
reactome:Pathway402	17
reactome:Pathway535	27
reactome:Pathway753	9
reactome:Pathway886	44
reactome:Pathway1331	8
reactome:Pathway620	8
reactome:Pathway1464	8
reactome:Pathway2009	3
reactome:Pathway1379	4
reactome:Pathway1246	2
reactome:Pathway668	6
reactome:Pathway317	33
reactome:Pathway1113	1
reactome:Pathway1249	2
reactome:Pathway2531	18
reactome:Pathway2579	26
reactome:Pathway2446	38
reactome:Pathway2664	31
reactome:Pathway2313	39
reactome:Pathway970	14
reactome:Pathway534	16
reactome:Pathway885	24
reactome:Pathway1552	4
reactome:Pathway401	10
reactome:Pathway1116	1
reactome:Pathway1685	3
reactome:Pathway2228	11
reactome:Pathway1334	2
reactome:Pathway316	24
reactome:Pathway1467	9
reactome:Pathway1201	2
reactome:Pathway2750	3
reactome:Pathway2314	17
reactome:Pathway2447	25
reactome:Pathway751	7
reactome:Pathway884	26
reactome:Pathway1200	2
reactome:Pathway315	22
reactome:Pathway666	7
reactome:Pathway400	26
reactome:Pathway533	23
reactome:Pathway799	3
reactome:Pathway1248	2
reactome:Pathway2229	22
reactome:Pathway1466	9
reactome:Pathway1115	1
reactome:Pathway1599	26
reactome:Pathway2044	8
reactome:Pathway2177	65
reactome:Pathway1813	11
reactome:Pathway2395	32
reactome:Pathway2480	9
reactome:Pathway1728	2
reactome:Pathway2262	7
reactome:Pathway217	48
reactome:Pathway520	1
reactome:Pathway43	9
reactome:Pathway2707	5
reactome:Pathway871	48
reactome:Pathway1150	1
reactome:Pathway568	82
reactome:Pathway435	5
reactome:Pathway1198	2
reactome:Pathway1065	9
reactome:Pathway653	11
reactome:Pathway302	33
reactome:Pathway1812	3
reactome:Pathway1727	4
reactome:Pathway2045	8
reactome:Pathway1945	18
reactome:Pathway2481	11
reactome:Pathway2178	57
reactome:Pathway1509	4
reactome:Pathway2263	3
reactome:Pathway2396	7
reactome:Pathway652	21
reactome:Pathway2708	14
reactome:Pathway1064	14
reactome:Pathway42	7
reactome:Pathway870	16
reactome:Pathway1282	2
reactome:Pathway216	71
reactome:Pathway785	14
reactome:Pathway567	25
reactome:Pathway301	36
reactome:Pathway434	6
reactome:Pathway1197	2
reactome:Pathway349	12
reactome:Pathway1948	24
reactome:Pathway1815	26
reactome:Pathway2482	7
reactome:Pathway1900	6
reactome:Pathway2264	3
reactome:Pathway2179	1
reactome:Pathway2046	8
reactome:Pathway2397	1
reactome:Pathway300	37
reactome:Pathway1370	1
reactome:Pathway45	10
reactome:Pathway784	38
reactome:Pathway215	9
reactome:Pathway1067	2
reactome:Pathway348	34
reactome:Pathway699	11
reactome:Pathway433	3
reactome:Pathway566	30
reactome:Pathway1814	9
reactome:Pathway1947	29
reactome:Pathway2350	4
reactome:Pathway2265	6
reactome:Pathway2483	17
reactome:Pathway2132	8
reactome:Pathway1729	1
reactome:Pathway2047	5
reactome:Pathway129	1
reactome:Pathway432	14
reactome:Pathway1151	1
reactome:Pathway650	2
reactome:Pathway783	11
reactome:Pathway44	16
reactome:Pathway347	4
reactome:Pathway1199	2
reactome:Pathway698	4
reactome:Pathway1066	10
reactome:Pathway2048	7
reactome:Pathway1817	2
reactome:Pathway1902	14
reactome:Pathway2133	2
reactome:Pathway2000	36
reactome:Pathway2351	7
reactome:Pathway2266	4
reactome:Pathway2399	35
reactome:Pathway2484	50
reactome:Pathway47	7
reactome:Pathway564	5
reactome:Pathway1590	8
reactome:Pathway213	67
reactome:Pathway782	8
reactome:Pathway128	2
reactome:Pathway1372	1
reactome:Pathway479	7
reactome:Pathway1287	4
reactome:Pathway1154	9
reactome:Pathway1021	1
reactome:Pathway697	7
reactome:Pathway346	14
reactome:Pathway1816	20
reactome:Pathway2049	6
reactome:Pathway2001	9
reactome:Pathway2570	27
reactome:Pathway2267	3
reactome:Pathway2134	4
reactome:Pathway2352	7
reactome:Pathway2485	5
reactome:Pathway46	6
reactome:Pathway696	2
reactome:Pathway781	16
reactome:Pathway563	6
reactome:Pathway1371	2
reactome:Pathway127	2
reactome:Pathway430	43
reactome:Pathway1068	2
reactome:Pathway1286	6
reactome:Pathway212	12
reactome:Pathway345	10
reactome:Pathway1153	2
reactome:Pathway478	6
reactome:Pathway1904	3
reactome:Pathway2268	2
reactome:Pathway2220	41
reactome:Pathway2135	1
reactome:Pathway2002	22
reactome:Pathway2486	36
reactome:Pathway2353	38
reactome:Pathway1819	3
reactome:Pathway780	38
reactome:Pathway126	6
reactome:Pathway344	32
reactome:Pathway695	7
reactome:Pathway1592	5
reactome:Pathway562	27
reactome:Pathway1023	1
reactome:Pathway259	10
reactome:Pathway477	7
reactome:Pathway1241	2
reactome:Pathway211	8
reactome:Pathway1289	4
reactome:Pathway2269	8
reactome:Pathway2136	2
reactome:Pathway1903	2
reactome:Pathway2221	14
reactome:Pathway2354	16
reactome:Pathway2487	5
reactome:Pathway2572	2
reactome:Pathway1818	1
reactome:Pathway1240	2
reactome:Pathway343	8
reactome:Pathway476	6
reactome:Pathway125	3
reactome:Pathway694	17
reactome:Pathway1591	3
reactome:Pathway561	8
reactome:Pathway1288	4
reactome:Pathway210	8
reactome:Pathway1373	1
reactome:Pathway1155	6
reactome:Pathway1502	7
reactome:Pathway1768	6
reactome:Pathway1417	2
reactome:Pathway1986	30
reactome:Pathway2084	13
reactome:Pathway560	33
reactome:Pathway1190	1
reactome:Pathway2614	17
reactome:Pathway475	3
reactome:Pathway2529	20
reactome:Pathway693	12
reactome:Pathway342	18
reactome:Pathway83	31
reactome:Pathway1853	2
reactome:Pathway257	14
reactome:Pathway124	2
reactome:Pathway1720	17
reactome:Pathway1416	2
reactome:Pathway1549	3
reactome:Pathway919	6
reactome:Pathway2085	10
reactome:Pathway2700	9
reactome:Pathway2170	15
reactome:Pathway2748	13
reactome:Pathway692	2
reactome:Pathway2615	7
reactome:Pathway256	12
reactome:Pathway341	7
reactome:Pathway474	15
reactome:Pathway1852	9
reactome:Pathway82	41
reactome:Pathway1985	7
reactome:Pathway389	4
reactome:Pathway123	30
reactome:Pathway1501	16
reactome:Pathway1504	4
reactome:Pathway1637	37
reactome:Pathway1988	10
reactome:Pathway1419	2
reactome:Pathway918	6
reactome:Pathway1855	5
reactome:Pathway2086	5
reactome:Pathway2171	7
reactome:Pathway2616	31
reactome:Pathway1192	1
reactome:Pathway340	13
reactome:Pathway255	23
reactome:Pathway388	6
reactome:Pathway473	5
reactome:Pathway2749	13
reactome:Pathway122	4
reactome:Pathway85	38
reactome:Pathway1503	7
reactome:Pathway917	6
reactome:Pathway1854	7
reactome:Pathway1987	10
reactome:Pathway2172	15
reactome:Pathway2087	15
reactome:Pathway472	1
reactome:Pathway690	3
reactome:Pathway2702	10
reactome:Pathway387	10
reactome:Pathway2617	12
reactome:Pathway254	2
reactome:Pathway121	20
reactome:Pathway1721	34
reactome:Pathway2391	59
reactome:Pathway1639	13
reactome:Pathway2088	4
reactome:Pathway1506	2
reactome:Pathway1857	16
reactome:Pathway1942	48
reactome:Pathway2040	8
reactome:Pathway2173	12
reactome:Pathway471	8
reactome:Pathway87	13
reactome:Pathway1061	1
reactome:Pathway2618	32
reactome:Pathway253	37
reactome:Pathway386	11
reactome:Pathway168	30
reactome:Pathway120	3
reactome:Pathway915	9
reactome:Pathway1505	4
reactome:Pathway1856	3
reactome:Pathway1989	11
reactome:Pathway2089	20
reactome:Pathway2041	8
reactome:Pathway2174	23
reactome:Pathway2704	7
reactome:Pathway252	4
reactome:Pathway1060	14
reactome:Pathway470	4
reactome:Pathway86	40
reactome:Pathway385	12
reactome:Pathway1193	1
reactome:Pathway167	14
reactome:Pathway1859	7
reactome:Pathway829	3
reactome:Pathway1944	4
reactome:Pathway1726	8
reactome:Pathway1508	3
reactome:Pathway1811	4
reactome:Pathway2393	34
reactome:Pathway2260	7
reactome:Pathway2175	86
reactome:Pathway2042	8
reactome:Pathway251	9
reactome:Pathway384	8
reactome:Pathway1196	12
reactome:Pathway299	3
reactome:Pathway1063	14
reactome:Pathway2705	13
reactome:Pathway1281	2
reactome:Pathway41	3
reactome:Pathway1725	5
reactome:Pathway1858	2
reactome:Pathway828	2
reactome:Pathway2394	65
reactome:Pathway1507	2
reactome:Pathway2176	55
reactome:Pathway1943	10
reactome:Pathway2261	7
reactome:Pathway2043	12
reactome:Pathway383	12
reactome:Pathway1280	2
reactome:Pathway250	16
reactome:Pathway2706	5
reactome:Pathway298	20
reactome:Pathway88	9
reactome:Pathway1062	9
reactome:Pathway165	25
reactome:Pathway40	2
reactome:Pathway913	5
reactome:Pathway706	2
reactome:Pathway1239	2
reactome:Pathway839	37
reactome:Pathway1106	1
reactome:Pathway2303	19
reactome:Pathway2436	4
reactome:Pathway2654	29
reactome:Pathway2521	2
reactome:Pathway394	5
reactome:Pathway2569	6
reactome:Pathway261	24
reactome:Pathway176	32
reactome:Pathway2218	26
reactome:Pathway1542	5
reactome:Pathway1893	21
reactome:Pathway1324	1
reactome:Pathway838	5
reactome:Pathway1238	2
reactome:Pathway2740	4
reactome:Pathway2304	7
reactome:Pathway2522	3
reactome:Pathway260	4
reactome:Pathway393	15
reactome:Pathway1541	4
reactome:Pathway1105	1
reactome:Pathway1892	5
reactome:Pathway1323	1
reactome:Pathway1674	1
reactome:Pathway175	6
reactome:Pathway1589	3
reactome:Pathway1456	2
reactome:Pathway2219	4
reactome:Pathway923	5
reactome:Pathway837	10
reactome:Pathway1326	2
reactome:Pathway1108	1
reactome:Pathway619	6
reactome:Pathway2656	4
reactome:Pathway2523	14
reactome:Pathway391	8
reactome:Pathway392	6
reactome:Pathway2305	11
reactome:Pathway2438	4
reactome:Pathway1895	7
reactome:Pathway1980	3
reactome:Pathway922	2
reactome:Pathway1411	2
reactome:Pathway1762	4
reactome:Pathway1544	7
reactome:Pathway704	8
reactome:Pathway174	19
reactome:Pathway618	14
reactome:Pathway1107	1
reactome:Pathway2524	6
reactome:Pathway2742	14
reactome:Pathway2439	2
reactome:Pathway2657	7
reactome:Pathway2306	21
reactome:Pathway1761	15
reactome:Pathway1894	4
reactome:Pathway173	16
reactome:Pathway1410	2
reactome:Pathway1543	3
reactome:Pathway921	3
reactome:Pathway703	2
reactome:Pathway836	14
reactome:Pathway1325	2
reactome:Pathway1679	1
reactome:Pathway1546	2
reactome:Pathway1328	1
reactome:Pathway171	36
reactome:Pathway617	25
reactome:Pathway2080	12
reactome:Pathway2743	13
reactome:Pathway2610	15
reactome:Pathway2307	18
reactome:Pathway2658	2
reactome:Pathway2525	3
reactome:Pathway1897	8
reactome:Pathway1982	48
reactome:Pathway1631	19
reactome:Pathway172	16
reactome:Pathway702	8
reactome:Pathway835	12
reactome:Pathway968	2
reactome:Pathway1413	2
reactome:Pathway1764	9
reactome:Pathway749	6
reactome:Pathway1109	1
reactome:Pathway1327	1
reactome:Pathway170	4
reactome:Pathway2744	19
reactome:Pathway2611	8
reactome:Pathway2081	3
reactome:Pathway2308	29
reactome:Pathway2659	5
reactome:Pathway2526	4
reactome:Pathway1896	6
reactome:Pathway701	23
reactome:Pathway1763	6
reactome:Pathway616	23
reactome:Pathway1630	5
reactome:Pathway1981	42
reactome:Pathway1412	2
reactome:Pathway1545	1
reactome:Pathway1415	2
reactome:Pathway1548	3
reactome:Pathway1899	9
reactome:Pathway2612	94
reactome:Pathway2082	20
reactome:Pathway2527	3
reactome:Pathway2745	2
reactome:Pathway2309	12
reactome:Pathway1984	15
reactome:Pathway700	1
reactome:Pathway966	24
reactome:Pathway833	32
reactome:Pathway748	3
reactome:Pathway1414	2
reactome:Pathway529	3
reactome:Pathway1329	1
reactome:Pathway1898	1
reactome:Pathway2083	11
reactome:Pathway2528	5
reactome:Pathway2613	6
reactome:Pathway1850	1
reactome:Pathway832	5
reactome:Pathway614	21
reactome:Pathway1765	5
reactome:Pathway1632	19
reactome:Pathway2258	7
reactome:Pathway2125	14
reactome:Pathway2210	6
reactome:Pathway2343	8
reactome:Pathway2476	5
reactome:Pathway2694	8
reactome:Pathway1809	4
reactome:Pathway39	11
reactome:Pathway1582	36
reactome:Pathway1364	4
reactome:Pathway964	32
reactome:Pathway1231	2
reactome:Pathway831	4
reactome:Pathway1497	5
reactome:Pathway528	11
reactome:Pathway746	7
reactome:Pathway879	75
reactome:Pathway1279	2
reactome:Pathway1146	1
reactome:Pathway613	12
reactome:Pathway2126	12
reactome:Pathway309	17
reactome:Pathway2211	4
reactome:Pathway2344	11
reactome:Pathway2695	6
reactome:Pathway2562	72
reactome:Pathway2477	7
reactome:Pathway1808	2
reactome:Pathway1012	8
reactome:Pathway612	16
reactome:Pathway1145	1
reactome:Pathway1363	4
reactome:Pathway830	21
reactome:Pathway1230	2
reactome:Pathway745	18
reactome:Pathway878	16
reactome:Pathway527	7
reactome:Pathway1278	2
reactome:Pathway2127	8
reactome:Pathway2212	29
reactome:Pathway2696	3
reactome:Pathway2345	19
reactome:Pathway2478	12
reactome:Pathway1233	2
reactome:Pathway611	19
reactome:Pathway1100	2
reactome:Pathway1451	2
reactome:Pathway1584	5
reactome:Pathway659	1
reactome:Pathway1499	2
reactome:Pathway308	12
reactome:Pathway526	5
reactome:Pathway2213	24
reactome:Pathway2128	8
reactome:Pathway2564	3
reactome:Pathway2479	7
reactome:Pathway2697	14
reactome:Pathway2346	5
reactome:Pathway1583	10
reactome:Pathway1450	2
reactome:Pathway1232	2
reactome:Pathway610	3
reactome:Pathway743	7
reactome:Pathway1365	2
reactome:Pathway876	2
reactome:Pathway1498	8
reactome:Pathway307	10
reactome:Pathway1147	1
reactome:Pathway658	4
reactome:Pathway1014	29
reactome:Pathway525	7
reactome:Pathway2214	3
reactome:Pathway2650	6
reactome:Pathway2347	18
reactome:Pathway2698	4
reactome:Pathway2565	9
reactome:Pathway524	16
reactome:Pathway1671	2
reactome:Pathway742	2
reactome:Pathway1320	1
reactome:Pathway875	12
reactome:Pathway1453	2
reactome:Pathway2129	10
reactome:Pathway1586	12
reactome:Pathway1368	1
reactome:Pathway1235	2
reactome:Pathway1102	2
reactome:Pathway306	14
reactome:Pathway2215	18
reactome:Pathway2300	26
reactome:Pathway2651	6
reactome:Pathway2699	17
reactome:Pathway2348	5
reactome:Pathway2433	5
reactome:Pathway2566	11
reactome:Pathway656	12
reactome:Pathway741	7
reactome:Pathway1101	25
reactome:Pathway1670	1
reactome:Pathway874	6
reactome:Pathway523	11
reactome:Pathway1452	2
reactome:Pathway1585	12
reactome:Pathway1149	1
reactome:Pathway789	43
reactome:Pathway1016	29
reactome:Pathway1367	2
reactome:Pathway1234	2
reactome:Pathway438	20
reactome:Pathway2301	7
reactome:Pathway2434	8
reactome:Pathway2349	8
reactome:Pathway219	29
reactome:Pathway740	6
reactome:Pathway873	10
reactome:Pathway655	46
reactome:Pathway522	9
reactome:Pathway1673	6
reactome:Pathway1540	3
reactome:Pathway1237	2
reactome:Pathway1322	2
reactome:Pathway1104	1
reactome:Pathway1455	2
reactome:Pathway437	16
reactome:Pathway1588	5
reactome:Pathway1891	2
reactome:Pathway1018	1
reactome:Pathway2520	5
reactome:Pathway2435	4
reactome:Pathway2653	5
reactome:Pathway218	21
reactome:Pathway872	6
reactome:Pathway303	24
reactome:Pathway654	2
reactome:Pathway521	8
reactome:Pathway1321	1
reactome:Pathway1672	2
reactome:Pathway1587	9
reactome:Pathway1454	2
reactome:Pathway1236	2
reactome:Pathway2217	16
reactome:Pathway1890	4
reactome:Pathway1369	1
reactome:Pathway569	8
