pathway,nbEntities
reactome:Pathway1849,13
reactome:Pathway1716,88
reactome:Pathway1801,12
reactome:Pathway2298,10
reactome:Pathway2383,34
reactome:Pathway2165,10
reactome:Pathway1934,32
reactome:Pathway2250,392
reactome:Pathway2032,19
reactome:Pathway79,4253
reactome:Pathway641,8
reactome:Pathway1053,14
reactome:Pathway31,35
reactome:Pathway1271,3
reactome:Pathway205,58
reactome:Pathway992,16
reactome:Pathway689,12
reactome:Pathway774,27
reactome:Pathway556,32
reactome:Pathway1186,10
reactome:Pathway423,21
reactome:Pathway338,43
reactome:Pathway1848,20
reactome:Pathway2033,10
reactome:Pathway1933,17
reactome:Pathway2166,25
reactome:Pathway2384,26
reactome:Pathway1715,1149
reactome:Pathway2299,67
reactome:Pathway1800,7
reactome:Pathway2251,297
reactome:Pathway119,21
reactome:Pathway1052,16
reactome:Pathway1185,4
reactome:Pathway991,39
reactome:Pathway640,7
reactome:Pathway78,21
reactome:Pathway204,154
reactome:Pathway1270,3
reactome:Pathway773,7
reactome:Pathway337,11
reactome:Pathway688,7
reactome:Pathway555,87
reactome:Pathway30,5
reactome:Pathway422,48
reactome:Pathway1803,10
reactome:Pathway1936,12
reactome:Pathway2034,32
reactome:Pathway1718,9
reactome:Pathway2167,7
reactome:Pathway2470,219
reactome:Pathway2385,7
reactome:Pathway2252,44
reactome:Pathway118,88
reactome:Pathway203,67
reactome:Pathway1273,3
reactome:Pathway421,81
reactome:Pathway1140,2
reactome:Pathway990,22
reactome:Pathway1491,6
reactome:Pathway772,36
reactome:Pathway33,15
reactome:Pathway336,49
reactome:Pathway469,9
reactome:Pathway1188,1
reactome:Pathway687,22
reactome:Pathway554,20
reactome:Pathway1055,70
reactome:Pathway1935,30
reactome:Pathway2471,39
reactome:Pathway2253,23
reactome:Pathway1802,14
reactome:Pathway2168,41
reactome:Pathway2035,60
reactome:Pathway1717,7
reactome:Pathway2120,571
reactome:Pathway2386,10
reactome:Pathway420,53
reactome:Pathway1490,21
reactome:Pathway32,28
reactome:Pathway553,13
reactome:Pathway1272,3
reactome:Pathway771,11
reactome:Pathway202,240
reactome:Pathway117,32
reactome:Pathway468,7
reactome:Pathway1187,2
reactome:Pathway1054,2
reactome:Pathway686,7
reactome:Pathway335,29
reactome:Pathway1805,45
reactome:Pathway1938,6
reactome:Pathway2169,28
reactome:Pathway2254,8
reactome:Pathway2121,132
reactome:Pathway2472,31
reactome:Pathway2690,39
reactome:Pathway2036,409
reactome:Pathway2387,16
reactome:Pathway35,139
reactome:Pathway685,9
reactome:Pathway770,26
reactome:Pathway552,15
reactome:Pathway8,21
reactome:Pathway1360,4
reactome:Pathway1493,8
reactome:Pathway116,4
reactome:Pathway249,36
reactome:Pathway1057,2
reactome:Pathway1275,4
reactome:Pathway201,9
reactome:Pathway334,11
reactome:Pathway467,26
reactome:Pathway1142,5
reactome:Pathway1937,6
reactome:Pathway2037,395
reactome:Pathway1804,59
reactome:Pathway2122,57
reactome:Pathway2691,5
reactome:Pathway2340,11
reactome:Pathway2255,13
reactome:Pathway2388,36
reactome:Pathway1719,12
reactome:Pathway2473,13
reactome:Pathway1141,2
reactome:Pathway115,23
reactome:Pathway333,58
reactome:Pathway684,7
reactome:Pathway551,13
reactome:Pathway1492,6
reactome:Pathway34,9
reactome:Pathway9,32
reactome:Pathway1056,22
reactome:Pathway248,8
reactome:Pathway1189,3
reactome:Pathway466,152
reactome:Pathway599,77
reactome:Pathway200,19
reactome:Pathway1274,4
reactome:Pathway2038,169
reactome:Pathway2692,5
reactome:Pathway2256,21
reactome:Pathway2123,30
reactome:Pathway2341,10
reactome:Pathway2474,55
reactome:Pathway2389,34
reactome:Pathway1807,26
reactome:Pathway6,113
reactome:Pathway37,14
reactome:Pathway332,10
reactome:Pathway114,51
reactome:Pathway465,13
reactome:Pathway683,15
reactome:Pathway550,23
reactome:Pathway1580,20
reactome:Pathway1277,3
reactome:Pathway1362,3
reactome:Pathway1144,4
reactome:Pathway1495,273
reactome:Pathway247,41
reactome:Pathway598,41
reactome:Pathway1011,17
reactome:Pathway1059,1
reactome:Pathway1806,8
reactome:Pathway2257,107
reactome:Pathway2039,15
reactome:Pathway2560,122
reactome:Pathway2124,56
reactome:Pathway909,185
reactome:Pathway2475,29
reactome:Pathway2342,7
reactome:Pathway2693,71
reactome:Pathway1939,11
reactome:Pathway36,49
reactome:Pathway7,28
reactome:Pathway597,34
reactome:Pathway464,9
reactome:Pathway682,33
reactome:Pathway1361,3
reactome:Pathway331,49
reactome:Pathway1494,1535
reactome:Pathway1276,3
reactome:Pathway1143,5
reactome:Pathway1010,8
reactome:Pathway113,14
reactome:Pathway246,20
reactome:Pathway379,63
reactome:Pathway1058,1
reactome:Pathway1756,30
reactome:Pathway1623,192
reactome:Pathway1405,3
reactome:Pathway1538,15
reactome:Pathway908,26
reactome:Pathway1889,9
reactome:Pathway2290,5
reactome:Pathway2072,32
reactome:Pathway681,28
reactome:Pathway2517,4
reactome:Pathway1093,2
reactome:Pathway2735,15
reactome:Pathway2602,63
reactome:Pathway596,23
reactome:Pathway245,12
reactome:Pathway330,35
reactome:Pathway463,7
reactome:Pathway1841,12
reactome:Pathway1974,13
reactome:Pathway71,3
reactome:Pathway378,184
reactome:Pathway112,21
reactome:Pathway1404,2
reactome:Pathway1755,14
reactome:Pathway1537,39
reactome:Pathway1319,2
reactome:Pathway907,718
reactome:Pathway1888,12
reactome:Pathway2073,8
reactome:Pathway2291,45
reactome:Pathway1092,7
reactome:Pathway680,9
reactome:Pathway2736,7
reactome:Pathway2603,8
reactome:Pathway244,28
reactome:Pathway159,18
reactome:Pathway377,319
reactome:Pathway595,73
reactome:Pathway462,20
reactome:Pathway2518,61
reactome:Pathway1973,13
reactome:Pathway111,26
reactome:Pathway1840,56
reactome:Pathway1622,104
reactome:Pathway70,3
reactome:Pathway906,44
reactome:Pathway1758,11
reactome:Pathway1625,109
reactome:Pathway1407,3
reactome:Pathway1843,38
reactome:Pathway1976,110
reactome:Pathway2074,13
reactome:Pathway2292,1804
reactome:Pathway2737,48
reactome:Pathway461,35
reactome:Pathway2604,93
reactome:Pathway1180,5
reactome:Pathway376,548
reactome:Pathway158,17
reactome:Pathway2519,54
reactome:Pathway243,21
reactome:Pathway594,103
reactome:Pathway1095,2
reactome:Pathway110,13
reactome:Pathway73,3
reactome:Pathway1710,25
reactome:Pathway1624,28
reactome:Pathway905,75
reactome:Pathway1757,72
reactome:Pathway1406,4
reactome:Pathway1539,26
reactome:Pathway1975,5
reactome:Pathway2293,123
reactome:Pathway2075,9
reactome:Pathway2160,718
reactome:Pathway2605,61
reactome:Pathway593,177
reactome:Pathway460,19
reactome:Pathway1094,2
reactome:Pathway242,31
reactome:Pathway375,51
reactome:Pathway2738,21
reactome:Pathway72,3
reactome:Pathway1842,42
reactome:Pathway157,17
reactome:Pathway1712,7
reactome:Pathway904,72
reactome:Pathway1845,33
reactome:Pathway819,141
reactome:Pathway1978,19
reactome:Pathway1627,12
reactome:Pathway1409,3
reactome:Pathway2294,21
reactome:Pathway2161,175
reactome:Pathway2076,9
reactome:Pathway592,26
reactome:Pathway241,18
reactome:Pathway75,73
reactome:Pathway1097,95
reactome:Pathway289,5
reactome:Pathway2739,18
reactome:Pathway374,60
reactome:Pathway1182,18
reactome:Pathway2606,32
reactome:Pathway1930,28
reactome:Pathway156,20
reactome:Pathway1711,19
reactome:Pathway903,18
reactome:Pathway2380,91
reactome:Pathway1626,22
reactome:Pathway818,1405
reactome:Pathway2077,94
reactome:Pathway1977,52
reactome:Pathway1759,8
reactome:Pathway1408,22
reactome:Pathway1844,13
reactome:Pathway2162,117
reactome:Pathway2295,23
reactome:Pathway1181,1
reactome:Pathway240,24
reactome:Pathway373,105
reactome:Pathway591,48
reactome:Pathway1096,2
reactome:Pathway288,9
reactome:Pathway2607,29
reactome:Pathway155,17
reactome:Pathway74,3
reactome:Pathway1714,4398
reactome:Pathway817,16
reactome:Pathway1847,15
reactome:Pathway2078,94
reactome:Pathway2381,200
reactome:Pathway1629,75
reactome:Pathway1932,27
reactome:Pathway2030,32
reactome:Pathway2296,35
reactome:Pathway2163,70
reactome:Pathway372,18
reactome:Pathway590,33
reactome:Pathway1184,2
reactome:Pathway2608,193
reactome:Pathway1051,3
reactome:Pathway287,20
reactome:Pathway77,15
reactome:Pathway154,15
reactome:Pathway1099,27
reactome:Pathway902,41
reactome:Pathway816,23
reactome:Pathway1979,13
reactome:Pathway949,14
reactome:Pathway1713,12
reactome:Pathway1628,23
reactome:Pathway2297,37
reactome:Pathway1846,99
reactome:Pathway1931,83
reactome:Pathway2079,8
reactome:Pathway2382,47
reactome:Pathway2031,40
reactome:Pathway2164,60
reactome:Pathway371,8
reactome:Pathway76,38
reactome:Pathway2609,24
reactome:Pathway286,9
reactome:Pathway1050,3
reactome:Pathway1183,2
reactome:Pathway1098,47
reactome:Pathway153,15
reactome:Pathway901,11
reactome:Pathway609,9
reactome:Pathway1009,8
reactome:Pathway827,40
reactome:Pathway1227,3
reactome:Pathway2557,15
reactome:Pathway2424,27
reactome:Pathway2642,26
reactome:Pathway382,11
reactome:Pathway2339,11
reactome:Pathway297,43
reactome:Pathway1530,4
reactome:Pathway1881,879
reactome:Pathway1796,7
reactome:Pathway2206,43
reactome:Pathway1312,2
reactome:Pathway1663,29
reactome:Pathway1578,68
reactome:Pathway1445,13
reactome:Pathway164,29
reactome:Pathway912,17
reactome:Pathway1359,4
reactome:Pathway959,12
reactome:Pathway826,9
reactome:Pathway608,86
reactome:Pathway1008,70
reactome:Pathway2425,6
reactome:Pathway380,12
reactome:Pathway2643,60
reactome:Pathway2510,25
reactome:Pathway296,67
reactome:Pathway381,68
reactome:Pathway2558,185
reactome:Pathway1662,29
reactome:Pathway2207,7
reactome:Pathway911,111
reactome:Pathway1226,5
reactome:Pathway1311,2
reactome:Pathway1795,18
reactome:Pathway1444,30
reactome:Pathway1880,5
reactome:Pathway163,31
reactome:Pathway1577,24
reactome:Pathway1447,3
reactome:Pathway958,31
reactome:Pathway1229,3
reactome:Pathway607,38
reactome:Pathway2644,31
reactome:Pathway2511,30
reactome:Pathway295,83
reactome:Pathway2559,72
reactome:Pathway2426,13
reactome:Pathway1750,13
reactome:Pathway1883,498
reactome:Pathway162,92
reactome:Pathway1532,35
reactome:Pathway910,128
reactome:Pathway1798,42
reactome:Pathway1314,3
reactome:Pathway825,17
reactome:Pathway1665,1
reactome:Pathway2208,37
reactome:Pathway739,23
reactome:Pathway1579,43
reactome:Pathway160,20
reactome:Pathway1228,3
reactome:Pathway606,20
reactome:Pathway2645,21
reactome:Pathway2512,42
reactome:Pathway2730,47
reactome:Pathway294,25
reactome:Pathway2427,13
reactome:Pathway1664,27
reactome:Pathway1531,5
reactome:Pathway161,11
reactome:Pathway1882,589
reactome:Pathway1313,3
reactome:Pathway824,12
reactome:Pathway2209,24
reactome:Pathway957,25
reactome:Pathway1797,15
reactome:Pathway1446,4
reactome:Pathway738,14
reactome:Pathway1667,4
reactome:Pathway1316,4
reactome:Pathway1449,3
reactome:Pathway2513,66
reactome:Pathway292,60
reactome:Pathway2731,90
reactome:Pathway2428,24
reactome:Pathway293,46
reactome:Pathway2646,19
reactome:Pathway1885,57
reactome:Pathway1752,20
reactome:Pathway605,23
reactome:Pathway1970,41
reactome:Pathway823,28
reactome:Pathway1401,3
reactome:Pathway1534,9
reactome:Pathway956,25
reactome:Pathway1315,8
reactome:Pathway1448,3
reactome:Pathway1799,6
reactome:Pathway519,111
reactome:Pathway291,310
reactome:Pathway2732,62
reactome:Pathway2429,27
reactome:Pathway2647,9
reactome:Pathway2514,74
reactome:Pathway1884,240
reactome:Pathway955,25
reactome:Pathway822,18
reactome:Pathway1751,39
reactome:Pathway1400,3
reactome:Pathway604,98
reactome:Pathway1533,17
reactome:Pathway1666,3
reactome:Pathway737,53
reactome:Pathway1403,3
reactome:Pathway1536,5
reactome:Pathway1318,30
reactome:Pathway1669,2
reactome:Pathway518,40
reactome:Pathway1887,17
reactome:Pathway2733,16
reactome:Pathway2070,59
reactome:Pathway2600,21
reactome:Pathway290,13
reactome:Pathway2648,55
reactome:Pathway2515,16
reactome:Pathway1091,6
reactome:Pathway821,24
reactome:Pathway1972,14
reactome:Pathway954,47
reactome:Pathway603,25
reactome:Pathway1754,12
reactome:Pathway736,33
reactome:Pathway1621,16
reactome:Pathway869,12
reactome:Pathway1668,2
reactome:Pathway1535,9
reactome:Pathway1317,39
reactome:Pathway2601,20
reactome:Pathway2071,17
reactome:Pathway2649,45
reactome:Pathway2516,13
reactome:Pathway1090,5
reactome:Pathway2734,32
reactome:Pathway1886,9
reactome:Pathway953,29
reactome:Pathway820,52
reactome:Pathway1971,13
reactome:Pathway1620,16
reactome:Pathway517,13
reactome:Pathway735,76
reactome:Pathway868,35
reactome:Pathway602,49
reactome:Pathway1402,3
reactome:Pathway1753,8
reactome:Pathway2246,13
reactome:Pathway2028,23
reactome:Pathway2113,12
reactome:Pathway2464,12
reactome:Pathway2597,51
reactome:Pathway2682,614
reactome:Pathway2331,27
reactome:Pathway2379,278
reactome:Pathway4,344
reactome:Pathway27,5
reactome:Pathway1570,3
reactome:Pathway1001,32
reactome:Pathway601,38
reactome:Pathway1134,1
reactome:Pathway1352,5
reactome:Pathway1485,9
reactome:Pathway952,127
reactome:Pathway1049,2
reactome:Pathway649,44
reactome:Pathway734,91
reactome:Pathway867,52
reactome:Pathway516,26
reactome:Pathway1267,3
reactome:Pathway2247,10
reactome:Pathway2114,46
reactome:Pathway2029,108
reactome:Pathway2332,12
reactome:Pathway2465,33
reactome:Pathway2683,157
reactome:Pathway2550,15
reactome:Pathway2598,6
reactome:Pathway1929,27
reactome:Pathway26,9
reactome:Pathway5,4
reactome:Pathway1351,2
reactome:Pathway951,27
reactome:Pathway1266,2
reactome:Pathway600,78
reactome:Pathway1133,5
reactome:Pathway1484,21
reactome:Pathway1000,2
reactome:Pathway733,11
reactome:Pathway999,2
reactome:Pathway1399,6
reactome:Pathway866,60
reactome:Pathway648,44
reactome:Pathway515,16
reactome:Pathway1048,3
reactome:Pathway2115,7
reactome:Pathway2248,7
reactome:Pathway2200,15
reactome:Pathway2333,13
reactome:Pathway2684,102
reactome:Pathway2551,34
reactome:Pathway29,9
reactome:Pathway2466,4
reactome:Pathway2599,15
reactome:Pathway1790,7
reactome:Pathway1572,205
reactome:Pathway950,223
reactome:Pathway1221,3
reactome:Pathway732,11
reactome:Pathway1354,4
reactome:Pathway865,32
reactome:Pathway2,5
reactome:Pathway1487,42
reactome:Pathway1269,3
reactome:Pathway429,95
reactome:Pathway998,2
reactome:Pathway1003,2
reactome:Pathway1136,3
reactome:Pathway647,15
reactome:Pathway514,29
reactome:Pathway2249,18
reactome:Pathway2116,14
reactome:Pathway2201,9
reactome:Pathway2685,36
reactome:Pathway2552,22
reactome:Pathway28,5
reactome:Pathway2334,7
reactome:Pathway2467,9
reactome:Pathway513,124
reactome:Pathway1571,6
reactome:Pathway731,102
reactome:Pathway1002,34
reactome:Pathway864,262
reactome:Pathway997,2
reactome:Pathway1353,5
reactome:Pathway1220,3
reactome:Pathway1486,83
reactome:Pathway428,11
reactome:Pathway779,34
reactome:Pathway3,5
reactome:Pathway1268,3
reactome:Pathway646,24
reactome:Pathway1135,4
reactome:Pathway2202,40
reactome:Pathway2117,19
reactome:Pathway2420,8
reactome:Pathway2553,13
reactome:Pathway2468,13
reactome:Pathway2335,126
reactome:Pathway2686,24
reactome:Pathway209,80
reactome:Pathway730,5
reactome:Pathway645,51
reactome:Pathway1792,7
reactome:Pathway512,11
reactome:Pathway863,9
reactome:Pathway1574,120
reactome:Pathway1441,2
reactome:Pathway996,2
reactome:Pathway1138,4
reactome:Pathway1005,8
reactome:Pathway778,66
reactome:Pathway1356,3
reactome:Pathway1489,25
reactome:Pathway427,14
reactome:Pathway1223,3
reactome:Pathway2203,20
reactome:Pathway2421,10
reactome:Pathway2336,44
reactome:Pathway2469,16
reactome:Pathway2687,21
reactome:Pathway2554,35
reactome:Pathway208,413
reactome:Pathway1222,3
reactome:Pathway862,10
reactome:Pathway995,2
reactome:Pathway1440,3
reactome:Pathway1791,12
reactome:Pathway644,181
reactome:Pathway511,8
reactome:Pathway1573,114
reactome:Pathway777,52
reactome:Pathway1355,3
reactome:Pathway1137,4
reactome:Pathway2118,10
reactome:Pathway1488,17
reactome:Pathway426,15
reactome:Pathway559,288
reactome:Pathway1,437
reactome:Pathway1004,47
reactome:Pathway1007,3
reactome:Pathway2204,13
reactome:Pathway2640,34
reactome:Pathway2337,15
reactome:Pathway2688,63
reactome:Pathway2422,10
reactome:Pathway2555,16
reactome:Pathway207,35
reactome:Pathway861,7
reactome:Pathway994,2
reactome:Pathway425,6
reactome:Pathway643,651
reactome:Pathway776,15
reactome:Pathway1794,17
reactome:Pathway1310,8
reactome:Pathway1661,3
reactome:Pathway510,5
reactome:Pathway1443,2
reactome:Pathway1576,321
reactome:Pathway2119,642
reactome:Pathway1225,5
reactome:Pathway1358,4
reactome:Pathway558,1389
reactome:Pathway2205,9
reactome:Pathway1139,4
reactome:Pathway2641,72
reactome:Pathway2689,44
reactome:Pathway2556,22
reactome:Pathway2423,4
reactome:Pathway206,100
reactome:Pathway2338,5
reactome:Pathway860,19
reactome:Pathway993,2
reactome:Pathway1660,5
reactome:Pathway424,20
reactome:Pathway557,18
reactome:Pathway775,119
reactome:Pathway642,7
reactome:Pathway1793,8
reactome:Pathway1442,2
reactome:Pathway1575,765
reactome:Pathway1006,40
reactome:Pathway1224,3
reactome:Pathway1357,4
reactome:Pathway339,28
reactome:Pathway1837,95
reactome:Pathway1922,50
reactome:Pathway2286,4
reactome:Pathway1704,2
reactome:Pathway1619,13
reactome:Pathway2068,5
reactome:Pathway2371,6
reactome:Pathway2153,173
reactome:Pathway2020,11
reactome:Pathway108,71
reactome:Pathway980,6
reactome:Pathway1174,7
reactome:Pathway1041,5
reactome:Pathway1392,3
reactome:Pathway67,3
reactome:Pathway762,17
reactome:Pathway895,28
reactome:Pathway1089,5
reactome:Pathway326,40
reactome:Pathway677,6
reactome:Pathway411,16
reactome:Pathway544,22
reactome:Pathway459,12
reactome:Pathway1703,2
reactome:Pathway1836,7
reactome:Pathway1969,9
reactome:Pathway2372,32
reactome:Pathway2287,109
reactome:Pathway2154,173
reactome:Pathway2590,200
reactome:Pathway1921,13
reactome:Pathway1618,11
reactome:Pathway2069,28
reactome:Pathway2021,8
reactome:Pathway107,34
reactome:Pathway1391,3
reactome:Pathway1173,5
reactome:Pathway410,7
reactome:Pathway761,18
reactome:Pathway1040,6
reactome:Pathway66,3
reactome:Pathway894,44
reactome:Pathway325,89
reactome:Pathway458,8
reactome:Pathway676,157
reactome:Pathway1088,17
reactome:Pathway543,15
reactome:Pathway1839,7
reactome:Pathway1924,20
reactome:Pathway2022,82
reactome:Pathway2155,40
reactome:Pathway2373,73
reactome:Pathway2591,142
reactome:Pathway2288,65
reactome:Pathway1706,4
reactome:Pathway2240,10
reactome:Pathway69,3
reactome:Pathway542,93
reactome:Pathway21,13
reactome:Pathway1261,3
reactome:Pathway760,11
reactome:Pathway893,146
reactome:Pathway106,32
reactome:Pathway1394,3
reactome:Pathway457,66
reactome:Pathway1176,2
reactome:Pathway1043,2
reactome:Pathway324,4
reactome:Pathway675,12
reactome:Pathway239,30
reactome:Pathway1838,12
reactome:Pathway1705,3
reactome:Pathway2023,225
reactome:Pathway1923,48
reactome:Pathway2592,11
reactome:Pathway2289,57
reactome:Pathway2156,10
reactome:Pathway2374,63
reactome:Pathway2241,37
reactome:Pathway68,8
reactome:Pathway674,12
reactome:Pathway20,21
reactome:Pathway1042,2
reactome:Pathway892,21
reactome:Pathway541,145
reactome:Pathway1260,3
reactome:Pathway1393,3
reactome:Pathway105,17
reactome:Pathway238,95
reactome:Pathway589,34
reactome:Pathway323,70
reactome:Pathway456,26
reactome:Pathway1175,5
reactome:Pathway1926,27
reactome:Pathway2593,10
reactome:Pathway2460,31
reactome:Pathway2242,71
reactome:Pathway2024,173
reactome:Pathway2157,31
reactome:Pathway1708,51
reactome:Pathway2375,54
reactome:Pathway1130,9
reactome:Pathway104,81
reactome:Pathway891,5
reactome:Pathway673,12
reactome:Pathway322,11
reactome:Pathway540,18
reactome:Pathway1481,9
reactome:Pathway23,12
reactome:Pathway237,20
reactome:Pathway1045,2
reactome:Pathway1178,8
reactome:Pathway1396,2
reactome:Pathway588,64
reactome:Pathway455,42
reactome:Pathway1263,4
reactome:Pathway2158,46
reactome:Pathway1925,13
reactome:Pathway2243,9
reactome:Pathway2110,16
reactome:Pathway2461,35
reactome:Pathway1707,68
reactome:Pathway2025,21
reactome:Pathway2376,21
reactome:Pathway2594,5
reactome:Pathway890,96
reactome:Pathway321,85
reactome:Pathway1262,4
reactome:Pathway454,11
reactome:Pathway1480,30
reactome:Pathway103,18
reactome:Pathway672,18
reactome:Pathway22,12
reactome:Pathway369,22
reactome:Pathway1395,3
reactome:Pathway1177,1
reactome:Pathway587,86
reactome:Pathway236,29
reactome:Pathway1044,2
reactome:Pathway2159,57
reactome:Pathway2026,11
reactome:Pathway2111,5
reactome:Pathway2680,8
reactome:Pathway2244,7
reactome:Pathway2377,9
reactome:Pathway2595,14
reactome:Pathway2462,22
reactome:Pathway1928,9
reactome:Pathway25,11
reactome:Pathway453,11
reactome:Pathway586,19
reactome:Pathway1350,5
reactome:Pathway320,27
reactome:Pathway671,26
reactome:Pathway1483,5
reactome:Pathway1265,2
reactome:Pathway235,40
reactome:Pathway1132,8
reactome:Pathway102,25
reactome:Pathway1398,4
reactome:Pathway368,61
reactome:Pathway1047,2
reactome:Pathway2027,30
reactome:Pathway1927,6
reactome:Pathway2681,44
reactome:Pathway2245,39
reactome:Pathway2112,13
reactome:Pathway1709,15
reactome:Pathway2596,7
reactome:Pathway2330,73
reactome:Pathway2463,84
reactome:Pathway2378,14
reactome:Pathway670,10
reactome:Pathway24,213
reactome:Pathway234,21
reactome:Pathway585,73
reactome:Pathway452,138
reactome:Pathway149,32
reactome:Pathway1482,3
reactome:Pathway1046,1
reactome:Pathway367,24
reactome:Pathway1264,4
reactome:Pathway1397,3
reactome:Pathway101,42
reactome:Pathway1131,12
reactome:Pathway1179,2
reactome:Pathway1744,12
reactome:Pathway1659,3
reactome:Pathway1526,11
reactome:Pathway1308,3
reactome:Pathway1877,8
reactome:Pathway2060,240
reactome:Pathway2193,100
reactome:Pathway1081,2
reactome:Pathway2638,190
reactome:Pathway2505,13
reactome:Pathway2723,31
reactome:Pathway148,47
reactome:Pathway233,187
reactome:Pathway366,8
reactome:Pathway451,141
reactome:Pathway584,15
reactome:Pathway1962,46
reactome:Pathway100,13
reactome:Pathway499,10
reactome:Pathway1611,12
reactome:Pathway1525,10
reactome:Pathway1307,2
reactome:Pathway1658,3
reactome:Pathway1876,19
reactome:Pathway2194,39
reactome:Pathway2061,18
reactome:Pathway2506,7
reactome:Pathway450,22
reactome:Pathway2724,24
reactome:Pathway1080,2
reactome:Pathway365,19
reactome:Pathway498,17
reactome:Pathway147,59
reactome:Pathway2639,48
reactome:Pathway232,13
reactome:Pathway583,11
reactome:Pathway1961,20
reactome:Pathway1743,8
reactome:Pathway1610,16
reactome:Pathway1613,17
reactome:Pathway1746,30
reactome:Pathway1528,111
reactome:Pathway1879,5
reactome:Pathway809,53
reactome:Pathway1964,14
reactome:Pathway2062,37
reactome:Pathway2195,8
reactome:Pathway2280,26
reactome:Pathway582,29
reactome:Pathway2725,40
reactome:Pathway497,21
reactome:Pathway1083,2
reactome:Pathway231,33
reactome:Pathway2507,63
reactome:Pathway364,8
reactome:Pathway61,12
reactome:Pathway1831,3
reactome:Pathway279,14
reactome:Pathway146,17
reactome:Pathway1745,14
reactome:Pathway1612,7
reactome:Pathway1527,12
reactome:Pathway808,17
reactome:Pathway1878,16
reactome:Pathway1309,4
reactome:Pathway2063,47
reactome:Pathway2196,9
reactome:Pathway2281,8
reactome:Pathway2726,38
reactome:Pathway230,36
reactome:Pathway1082,2
reactome:Pathway581,25
reactome:Pathway278,73
reactome:Pathway363,42
reactome:Pathway496,47
reactome:Pathway2508,166
reactome:Pathway1830,6
reactome:Pathway60,7
reactome:Pathway1963,8
reactome:Pathway145,14
reactome:Pathway1700,5
reactome:Pathway1615,14
reactome:Pathway807,18
reactome:Pathway1966,11
reactome:Pathway1748,17
reactome:Pathway1833,6
reactome:Pathway2282,24
reactome:Pathway2197,32
reactome:Pathway2064,25
reactome:Pathway1170,3
reactome:Pathway362,23
reactome:Pathway580,33
reactome:Pathway277,27
reactome:Pathway1085,2
reactome:Pathway2509,16
reactome:Pathway495,144
reactome:Pathway2727,21
reactome:Pathway144,7
reactome:Pathway63,7
reactome:Pathway1747,78
reactome:Pathway806,16
reactome:Pathway939,14
reactome:Pathway1614,16
reactome:Pathway2198,158
reactome:Pathway1529,9
reactome:Pathway1832,5
reactome:Pathway1965,162
reactome:Pathway2283,9
reactome:Pathway2150,12
reactome:Pathway2065,17
reactome:Pathway494,31
reactome:Pathway361,23
reactome:Pathway2728,28
reactome:Pathway276,44
reactome:Pathway1084,2
reactome:Pathway143,16
reactome:Pathway62,7
reactome:Pathway805,41
reactome:Pathway1968,42
reactome:Pathway938,18
reactome:Pathway1702,2
reactome:Pathway1617,134
reactome:Pathway2066,5
reactome:Pathway2199,11
reactome:Pathway1835,15
reactome:Pathway1920,59
reactome:Pathway2151,4
reactome:Pathway2284,13
reactome:Pathway493,153
reactome:Pathway360,25
reactome:Pathway1390,43
reactome:Pathway65,5
reactome:Pathway2729,24
reactome:Pathway275,13
reactome:Pathway1172,1
reactome:Pathway1087,17
reactome:Pathway142,18
reactome:Pathway937,35
reactome:Pathway1701,12
reactome:Pathway804,15
reactome:Pathway719,7
reactome:Pathway1749,7
reactome:Pathway1834,31
reactome:Pathway2067,15
reactome:Pathway1967,20
reactome:Pathway1616,184
reactome:Pathway2370,33
reactome:Pathway2285,5
reactome:Pathway2152,8
reactome:Pathway274,98
reactome:Pathway492,153
reactome:Pathway64,3
reactome:Pathway1086,42
reactome:Pathway1171,2
reactome:Pathway189,138
reactome:Pathway141,18
reactome:Pathway948,43
reactome:Pathway815,5
reactome:Pathway1348,5
reactome:Pathway2630,28
reactome:Pathway2678,18
reactome:Pathway2545,14
reactome:Pathway2412,95
reactome:Pathway285,23
reactome:Pathway370,30
reactome:Pathway2327,24
reactome:Pathway1651,2
reactome:Pathway1215,3
reactome:Pathway900,14
reactome:Pathway1300,3
reactome:Pathway1433,2
reactome:Pathway1784,12
reactome:Pathway1699,5
reactome:Pathway1566,29
reactome:Pathway152,51
reactome:Pathway2109,8
reactome:Pathway947,29
reactome:Pathway1129,2
reactome:Pathway729,13
reactome:Pathway2546,30
reactome:Pathway2413,17
reactome:Pathway2631,11
reactome:Pathway284,36
reactome:Pathway2679,14
reactome:Pathway2328,55
reactome:Pathway199,2
reactome:Pathway1783,6
reactome:Pathway1650,2
reactome:Pathway1565,51
reactome:Pathway1432,5
reactome:Pathway151,100
reactome:Pathway1214,4
reactome:Pathway814,7
reactome:Pathway1347,5
reactome:Pathway1698,3
reactome:Pathway1568,19
reactome:Pathway728,9
reactome:Pathway1217,2
reactome:Pathway2414,61
reactome:Pathway2632,23
reactome:Pathway2329,24
reactome:Pathway283,31
reactome:Pathway2547,12
reactome:Pathway198,14
reactome:Pathway1520,3
reactome:Pathway1653,2
reactome:Pathway1871,55
reactome:Pathway150,33
reactome:Pathway813,8
reactome:Pathway946,65
reactome:Pathway1302,3
reactome:Pathway1786,73
reactome:Pathway1435,4
reactome:Pathway727,6
reactome:Pathway1349,5
reactome:Pathway509,8
reactome:Pathway1216,3
reactome:Pathway2633,28
reactome:Pathway281,168
reactome:Pathway2500,27
reactome:Pathway282,57
reactome:Pathway2548,311
reactome:Pathway2415,61
reactome:Pathway1785,93
reactome:Pathway1870,47
reactome:Pathway1652,4
reactome:Pathway812,5
reactome:Pathway1301,3
reactome:Pathway1434,12
reactome:Pathway1567,9
reactome:Pathway197,2
reactome:Pathway945,94
reactome:Pathway859,277
reactome:Pathway1219,4
reactome:Pathway1304,3
reactome:Pathway1788,7
reactome:Pathway1437,8
reactome:Pathway508,37
reactome:Pathway280,40
reactome:Pathway2634,8
reactome:Pathway2501,126
reactome:Pathway2549,10
reactome:Pathway2416,54
reactome:Pathway1873,27
reactome:Pathway944,137
reactome:Pathway811,15
reactome:Pathway1740,7
reactome:Pathway1522,26
reactome:Pathway1655,2
reactome:Pathway726,6
reactome:Pathway196,2
reactome:Pathway1569,4
reactome:Pathway1436,4
reactome:Pathway1218,3
reactome:Pathway507,55
reactome:Pathway2502,27
reactome:Pathway2190,20
reactome:Pathway2720,122
reactome:Pathway2417,24
reactome:Pathway2635,288
reactome:Pathway1872,35
reactome:Pathway810,38
reactome:Pathway195,26
reactome:Pathway1521,2
reactome:Pathway943,3
reactome:Pathway1787,63
reactome:Pathway725,5
reactome:Pathway858,12
reactome:Pathway1303,2
reactome:Pathway1654,2
reactome:Pathway1657,2
reactome:Pathway1524,11
reactome:Pathway1306,3
reactome:Pathway193,53
reactome:Pathway1439,3
reactome:Pathway639,7
reactome:Pathway2191,7
reactome:Pathway2721,60
reactome:Pathway2418,9
reactome:Pathway2636,37
reactome:Pathway2503,42
reactome:Pathway1875,47
reactome:Pathway1960,311
reactome:Pathway942,19
reactome:Pathway506,41
reactome:Pathway194,2
reactome:Pathway724,7
reactome:Pathway857,37
reactome:Pathway1742,20
reactome:Pathway1789,7
reactome:Pathway1305,6
reactome:Pathway1656,2
reactome:Pathway1438,3
reactome:Pathway192,2
reactome:Pathway2722,67
reactome:Pathway2192,6
reactome:Pathway2637,13
reactome:Pathway2504,15
reactome:Pathway2419,25
reactome:Pathway1874,5
reactome:Pathway941,21
reactome:Pathway1741,39
reactome:Pathway638,14
reactome:Pathway723,10
reactome:Pathway505,94
reactome:Pathway856,7
reactome:Pathway1523,31
reactome:Pathway989,98
reactome:Pathway191,20
reactome:Pathway2016,43
reactome:Pathway419,39
reactome:Pathway2149,21
reactome:Pathway2670,99
reactome:Pathway2234,19
reactome:Pathway2101,35
reactome:Pathway2585,48
reactome:Pathway2452,28
reactome:Pathway2367,14
reactome:Pathway1918,81
reactome:Pathway15,12
reactome:Pathway1691,1
reactome:Pathway940,12
reactome:Pathway1340,5
reactome:Pathway1255,2
reactome:Pathway1122,14
reactome:Pathway1473,13
reactome:Pathway722,18
reactome:Pathway988,10
reactome:Pathway855,69
reactome:Pathway1388,3
reactome:Pathway637,21
reactome:Pathway504,99
reactome:Pathway1037,6
reactome:Pathway2235,16
reactome:Pathway190,14
reactome:Pathway2017,9
reactome:Pathway2102,19
reactome:Pathway2586,58
reactome:Pathway2453,31
reactome:Pathway2320,92
reactome:Pathway2671,7
reactome:Pathway1917,11
reactome:Pathway2368,10
reactome:Pathway14,10
reactome:Pathway1690,2
reactome:Pathway1472,26
reactome:Pathway1254,3
reactome:Pathway721,4
reactome:Pathway1121,3
reactome:Pathway1387,5
reactome:Pathway854,14
reactome:Pathway418,11
reactome:Pathway987,30
reactome:Pathway1036,1
reactome:Pathway1169,24
reactome:Pathway636,10
reactome:Pathway769,3
reactome:Pathway503,11
reactome:Pathway2236,23
reactome:Pathway2103,15
reactome:Pathway2018,11
reactome:Pathway2321,34
reactome:Pathway2454,172
reactome:Pathway2672,81
reactome:Pathway2369,9
reactome:Pathway17,24
reactome:Pathway2587,38
reactome:Pathway502,13
reactome:Pathway1693,3
reactome:Pathway720,22
reactome:Pathway1560,3
reactome:Pathway1342,5
reactome:Pathway986,5
reactome:Pathway853,29
reactome:Pathway1475,177
reactome:Pathway417,14
reactome:Pathway1039,1
reactome:Pathway768,8
reactome:Pathway1257,3
reactome:Pathway1124,2
reactome:Pathway635,13
reactome:Pathway2104,7
reactome:Pathway2237,77
reactome:Pathway2322,17
reactome:Pathway2673,14
reactome:Pathway2540,3
reactome:Pathway1919,71
reactome:Pathway2588,64
reactome:Pathway2455,63
reactome:Pathway16,50
reactome:Pathway634,24
reactome:Pathway1123,2
reactome:Pathway1341,5
reactome:Pathway852,4
reactome:Pathway501,17
reactome:Pathway1692,2
reactome:Pathway1474,16
reactome:Pathway985,5
reactome:Pathway767,5
reactome:Pathway2019,29
reactome:Pathway1038,7
reactome:Pathway549,40
reactome:Pathway1389,3
reactome:Pathway1256,2
reactome:Pathway416,99
reactome:Pathway2238,29
reactome:Pathway2105,6
reactome:Pathway2674,137
reactome:Pathway2541,89
reactome:Pathway2589,327
reactome:Pathway2323,20
reactome:Pathway19,11
reactome:Pathway2456,8
reactome:Pathway851,43
reactome:Pathway984,13
reactome:Pathway1211,129
reactome:Pathway633,50
reactome:Pathway1780,7
reactome:Pathway1695,11
reactome:Pathway500,4
reactome:Pathway1562,18
reactome:Pathway766,50
reactome:Pathway899,16
reactome:Pathway1259,3
reactome:Pathway1344,5
reactome:Pathway1477,75
reactome:Pathway1126,2
reactome:Pathway415,570
reactome:Pathway548,139
reactome:Pathway2106,27
reactome:Pathway2542,19
reactome:Pathway2457,57
reactome:Pathway18,14
reactome:Pathway2675,28
reactome:Pathway2324,23
reactome:Pathway850,6
reactome:Pathway1561,5
reactome:Pathway1210,4
reactome:Pathway983,19
reactome:Pathway414,3062
reactome:Pathway632,11
reactome:Pathway765,59
reactome:Pathway1694,6
reactome:Pathway1343,5
reactome:Pathway898,24
reactome:Pathway329,608
reactome:Pathway1476,14
reactome:Pathway1258,3
reactome:Pathway2239,13
reactome:Pathway1125,2
reactome:Pathway547,33
reactome:Pathway1128,2
reactome:Pathway2410,148
reactome:Pathway2325,14
reactome:Pathway2458,47
reactome:Pathway2676,62
reactome:Pathway2543,9
reactome:Pathway982,43
reactome:Pathway413,11
reactome:Pathway546,29
reactome:Pathway764,53
reactome:Pathway897,33
reactome:Pathway1782,5
reactome:Pathway1431,3
reactome:Pathway631,11
reactome:Pathway1697,3
reactome:Pathway1564,8
reactome:Pathway2107,21
reactome:Pathway1346,6
reactome:Pathway1213,2
reactome:Pathway1479,41
reactome:Pathway328,35
reactome:Pathway679,62
reactome:Pathway2677,22
reactome:Pathway2326,14
reactome:Pathway2544,9
reactome:Pathway2411,109
reactome:Pathway2459,24
reactome:Pathway109,21
reactome:Pathway630,11
reactome:Pathway981,5
reactome:Pathway1781,12
reactome:Pathway763,30
reactome:Pathway678,153
reactome:Pathway545,11
reactome:Pathway896,33
reactome:Pathway1430,3
reactome:Pathway1563,11
reactome:Pathway412,14
reactome:Pathway2108,10
reactome:Pathway1127,2
reactome:Pathway1696,1
reactome:Pathway1345,5
reactome:Pathway327,17
reactome:Pathway1478,6
reactome:Pathway1212,2
reactome:Pathway1825,21
reactome:Pathway1958,21
reactome:Pathway2056,7
reactome:Pathway2492,11
reactome:Pathway1607,102
reactome:Pathway2189,11
reactome:Pathway1910,24
reactome:Pathway2274,14
reactome:Pathway2141,41
reactome:Pathway229,14
reactome:Pathway1380,3
reactome:Pathway1295,5
reactome:Pathway2719,138
reactome:Pathway1162,52
reactome:Pathway750,23
reactome:Pathway883,96
reactome:Pathway55,17
reactome:Pathway314,20
reactome:Pathway447,23
reactome:Pathway798,18
reactome:Pathway665,12
reactome:Pathway1077,9
reactome:Pathway532,60
reactome:Pathway1957,13
reactome:Pathway1606,137
reactome:Pathway2493,10
reactome:Pathway1824,74
reactome:Pathway2275,9
reactome:Pathway2057,5
reactome:Pathway2360,33
reactome:Pathway1739,10
reactome:Pathway2142,18
reactome:Pathway228,18
reactome:Pathway531,15
reactome:Pathway54,19
reactome:Pathway1294,4
reactome:Pathway1161,1
reactome:Pathway882,17
reactome:Pathway579,96
reactome:Pathway446,19
reactome:Pathway797,9
reactome:Pathway1076,23
reactome:Pathway664,27
reactome:Pathway313,19
reactome:Pathway1827,17
reactome:Pathway2361,52
reactome:Pathway2276,7
reactome:Pathway2143,46
reactome:Pathway1912,297
reactome:Pathway2494,9
reactome:Pathway2058,5
reactome:Pathway1609,33
reactome:Pathway2010,242
reactome:Pathway57,7
reactome:Pathway663,10
reactome:Pathway1031,31
reactome:Pathway530,97
reactome:Pathway881,16
reactome:Pathway1382,5
reactome:Pathway227,28
reactome:Pathway796,7
reactome:Pathway578,12
reactome:Pathway1079,2
reactome:Pathway1297,23
reactome:Pathway312,64
reactome:Pathway445,122
reactome:Pathway1164,2
reactome:Pathway2059,5
reactome:Pathway1959,16
reactome:Pathway1826,85
reactome:Pathway2011,165
reactome:Pathway1911,22
reactome:Pathway2144,110
reactome:Pathway2362,92
reactome:Pathway2580,177
reactome:Pathway1608,33
reactome:Pathway2277,144
reactome:Pathway2495,13
reactome:Pathway880,40
reactome:Pathway1163,10
reactome:Pathway1030,3
reactome:Pathway1381,3
reactome:Pathway662,70
reactome:Pathway311,16
reactome:Pathway56,10
reactome:Pathway226,38
reactome:Pathway795,21
reactome:Pathway1078,14
reactome:Pathway359,34
reactome:Pathway444,62
reactome:Pathway577,28
reactome:Pathway1296,4
reactome:Pathway1914,28
reactome:Pathway2581,41
reactome:Pathway2012,151
reactome:Pathway2278,110
reactome:Pathway2145,67
reactome:Pathway2230,24
reactome:Pathway2363,37
reactome:Pathway2496,8
reactome:Pathway1829,13
reactome:Pathway59,5
reactome:Pathway1251,2
reactome:Pathway225,24
reactome:Pathway310,19
reactome:Pathway443,11
reactome:Pathway661,47
reactome:Pathway794,7
reactome:Pathway11,29
reactome:Pathway358,14
reactome:Pathway1384,7
reactome:Pathway1299,2
reactome:Pathway1166,2
reactome:Pathway1033,1
reactome:Pathway576,8
reactome:Pathway1828,9
reactome:Pathway2279,32
reactome:Pathway1913,58
reactome:Pathway2582,80
reactome:Pathway2231,12
reactome:Pathway2146,43
reactome:Pathway2013,51
reactome:Pathway2497,4
reactome:Pathway2364,31
reactome:Pathway58,27
reactome:Pathway442,9
reactome:Pathway575,6
reactome:Pathway10,25
reactome:Pathway1250,3
reactome:Pathway793,6
reactome:Pathway224,26
reactome:Pathway139,71
reactome:Pathway1383,3
reactome:Pathway660,131
reactome:Pathway1298,2
reactome:Pathway1032,7
reactome:Pathway1165,3
reactome:Pathway357,62
reactome:Pathway1916,108
reactome:Pathway2147,71
reactome:Pathway2232,178
reactome:Pathway2450,29
reactome:Pathway2014,28
reactome:Pathway2365,30
reactome:Pathway2498,21
reactome:Pathway2583,46
reactome:Pathway13,6
reactome:Pathway792,43
reactome:Pathway574,12
reactome:Pathway1471,4
reactome:Pathway441,37
reactome:Pathway138,183
reactome:Pathway1035,7
reactome:Pathway356,25
reactome:Pathway223,24
reactome:Pathway1253,2
reactome:Pathway1386,5
reactome:Pathway489,10
reactome:Pathway1120,64
reactome:Pathway1168,2
reactome:Pathway2148,26
reactome:Pathway2015,29
reactome:Pathway1915,128
reactome:Pathway2100,6
reactome:Pathway2233,55
reactome:Pathway2366,55
reactome:Pathway2584,14
reactome:Pathway2451,24
reactome:Pathway2499,5
reactome:Pathway791,48
reactome:Pathway137,45
reactome:Pathway355,21
reactome:Pathway440,15
reactome:Pathway1470,18
reactome:Pathway573,121
reactome:Pathway12,43
reactome:Pathway1034,6
reactome:Pathway1167,2
reactome:Pathway1385,7
reactome:Pathway488,10
reactome:Pathway222,30
reactome:Pathway1252,3
reactome:Pathway1514,20
reactome:Pathway1647,11
reactome:Pathway1429,3
reactome:Pathway1865,176
reactome:Pathway1998,256
reactome:Pathway2096,7
reactome:Pathway2711,22
reactome:Pathway2181,75
reactome:Pathway2626,101
reactome:Pathway790,87
reactome:Pathway354,12
reactome:Pathway487,7
reactome:Pathway136,88
reactome:Pathway2408,23
reactome:Pathway572,14
reactome:Pathway221,25
reactome:Pathway1950,30
reactome:Pathway95,10
reactome:Pathway269,59
reactome:Pathway1732,12
reactome:Pathway1646,30
reactome:Pathway1513,12
reactome:Pathway1428,2
reactome:Pathway1779,15
reactome:Pathway1997,33
reactome:Pathway2097,92
reactome:Pathway2182,31
reactome:Pathway2627,45
reactome:Pathway571,189
reactome:Pathway2712,14
reactome:Pathway486,28
reactome:Pathway353,7
reactome:Pathway2409,197
reactome:Pathway94,42
reactome:Pathway1864,265
reactome:Pathway220,85
reactome:Pathway268,21
reactome:Pathway135,499
reactome:Pathway1731,8
reactome:Pathway1734,33
reactome:Pathway1601,52
reactome:Pathway1516,4
reactome:Pathway1867,51
reactome:Pathway1649,29
reactome:Pathway2183,14
reactome:Pathway2098,13
reactome:Pathway2050,6
reactome:Pathway1071,5
reactome:Pathway570,845
reactome:Pathway2713,14
reactome:Pathway97,26
reactome:Pathway267,12
reactome:Pathway352,8
reactome:Pathway485,149
reactome:Pathway2628,34
reactome:Pathway1952,71
reactome:Pathway134,10
reactome:Pathway1733,14
reactome:Pathway1648,29
reactome:Pathway1515,16
reactome:Pathway1999,146
reactome:Pathway2099,97
reactome:Pathway929,8
reactome:Pathway1866,89
reactome:Pathway2184,457
reactome:Pathway2051,18
reactome:Pathway1070,3
reactome:Pathway351,34
reactome:Pathway2714,3
reactome:Pathway266,13
reactome:Pathway399,10
reactome:Pathway484,152
reactome:Pathway2629,15
reactome:Pathway133,98
reactome:Pathway1951,18
reactome:Pathway96,184
reactome:Pathway1600,79
reactome:Pathway928,7
reactome:Pathway1736,87
reactome:Pathway1869,92
reactome:Pathway1603,51
reactome:Pathway1518,12
reactome:Pathway1821,40
reactome:Pathway1954,5
reactome:Pathway2052,9
reactome:Pathway2185,203
reactome:Pathway2270,27
reactome:Pathway350,82
reactome:Pathway1291,3
reactome:Pathway2715,238
reactome:Pathway483,147
reactome:Pathway398,75
reactome:Pathway265,8
reactome:Pathway99,20
reactome:Pathway1073,4
reactome:Pathway132,109
reactome:Pathway51,5
reactome:Pathway1602,27
reactome:Pathway927,12
reactome:Pathway1735,24
reactome:Pathway1517,3
reactome:Pathway709,72
reactome:Pathway1868,13
reactome:Pathway1953,33
reactome:Pathway2271,23
reactome:Pathway2053,10
reactome:Pathway2186,13
reactome:Pathway482,6
reactome:Pathway1290,4
reactome:Pathway98,7
reactome:Pathway264,14
reactome:Pathway1072,54
reactome:Pathway397,23
reactome:Pathway2716,97
reactome:Pathway50,5
reactome:Pathway1820,152
reactome:Pathway179,15
reactome:Pathway131,1764
reactome:Pathway926,6
reactome:Pathway2490,91
reactome:Pathway708,24
reactome:Pathway1738,14
reactome:Pathway1823,6
reactome:Pathway1605,19
reactome:Pathway1956,45
reactome:Pathway2187,17
reactome:Pathway2272,20
reactome:Pathway2054,5
reactome:Pathway263,7
reactome:Pathway481,215
reactome:Pathway1075,5
reactome:Pathway53,25
reactome:Pathway396,44
reactome:Pathway2717,22
reactome:Pathway1293,4
reactome:Pathway1160,1
reactome:Pathway178,23
reactome:Pathway130,25
reactome:Pathway925,9
reactome:Pathway1604,42
reactome:Pathway707,96
reactome:Pathway2055,6
reactome:Pathway2188,14
reactome:Pathway1955,39
reactome:Pathway1737,12
reactome:Pathway2491,21
reactome:Pathway1519,2
reactome:Pathway1822,30
reactome:Pathway2140,96
reactome:Pathway2273,8
reactome:Pathway262,18
reactome:Pathway395,224
reactome:Pathway480,168
reactome:Pathway1074,5
reactome:Pathway2718,79
reactome:Pathway1292,3
reactome:Pathway177,8
reactome:Pathway52,5
reactome:Pathway1469,47
reactome:Pathway936,9
reactome:Pathway718,7
reactome:Pathway1118,141
reactome:Pathway2751,38
reactome:Pathway490,14
reactome:Pathway2315,7
reactome:Pathway2666,11
reactome:Pathway2400,65
reactome:Pathway2533,10
reactome:Pathway273,322
reactome:Pathway491,158
reactome:Pathway2448,36
reactome:Pathway188,3
reactome:Pathway1772,11
reactome:Pathway140,48
reactome:Pathway1421,3
reactome:Pathway1203,4
reactome:Pathway1554,6
reactome:Pathway1336,5
reactome:Pathway803,13
reactome:Pathway1687,18
reactome:Pathway1990,75
reactome:Pathway717,35
reactome:Pathway1117,2
reactome:Pathway2667,7
reactome:Pathway2534,8
reactome:Pathway2401,47
reactome:Pathway2316,88
reactome:Pathway2449,77
reactome:Pathway272,8
reactome:Pathway187,21
reactome:Pathway1420,2
reactome:Pathway1771,8
reactome:Pathway1686,6
reactome:Pathway1553,18
reactome:Pathway1335,3
reactome:Pathway1202,4
reactome:Pathway802,22
reactome:Pathway935,22
reactome:Pathway1468,16
reactome:Pathway716,67
reactome:Pathway1689,3
reactome:Pathway1338,7
reactome:Pathway849,14
reactome:Pathway1205,4
reactome:Pathway2402,33
reactome:Pathway2535,10
reactome:Pathway270,49
reactome:Pathway2620,107
reactome:Pathway271,4
reactome:Pathway2317,88
reactome:Pathway2668,7
reactome:Pathway1774,23
reactome:Pathway801,12
reactome:Pathway1992,22
reactome:Pathway1641,58
reactome:Pathway186,5
reactome:Pathway1423,3
reactome:Pathway934,15
reactome:Pathway1556,10
reactome:Pathway1337,5
reactome:Pathway848,42
reactome:Pathway1119,124
reactome:Pathway2091,225
reactome:Pathway2403,9
reactome:Pathway2621,68
reactome:Pathway2318,612
reactome:Pathway2669,236
reactome:Pathway2090,18
reactome:Pathway2536,6
reactome:Pathway1640,58
reactome:Pathway800,9
reactome:Pathway933,15
reactome:Pathway1204,4
reactome:Pathway1991,10
reactome:Pathway1773,61
reactome:Pathway1422,3
reactome:Pathway1688,1
reactome:Pathway1555,8
reactome:Pathway715,67
reactome:Pathway185,26
reactome:Pathway1425,3
reactome:Pathway1207,4
reactome:Pathway1558,5
reactome:Pathway629,9
reactome:Pathway2622,54
reactome:Pathway2092,10
reactome:Pathway2319,561
reactome:Pathway2404,28
reactome:Pathway2537,12
reactome:Pathway1861,15
reactome:Pathway1994,29
reactome:Pathway184,19
reactome:Pathway1510,18
reactome:Pathway932,17
reactome:Pathway714,7
reactome:Pathway1776,9
reactome:Pathway91,19
reactome:Pathway1643,96
reactome:Pathway847,47
reactome:Pathway1557,15
reactome:Pathway182,12
reactome:Pathway1206,5
reactome:Pathway1339,7
reactome:Pathway628,9
reactome:Pathway2623,24
reactome:Pathway2093,113
reactome:Pathway2538,8
reactome:Pathway2405,22
reactome:Pathway1993,9
reactome:Pathway931,12
reactome:Pathway1642,96
reactome:Pathway90,10
reactome:Pathway713,14
reactome:Pathway183,17
reactome:Pathway1860,77
reactome:Pathway846,36
reactome:Pathway979,9
reactome:Pathway1424,3
reactome:Pathway1775,15
reactome:Pathway1778,26
reactome:Pathway1645,49
reactome:Pathway1427,2
reactome:Pathway409,20
reactome:Pathway181,22
reactome:Pathway1209,4
reactome:Pathway2094,16
reactome:Pathway2406,30
reactome:Pathway2539,5
reactome:Pathway2624,195
reactome:Pathway1863,20
reactome:Pathway93,12
reactome:Pathway1996,59
reactome:Pathway930,68
reactome:Pathway1730,19
reactome:Pathway627,11
reactome:Pathway712,25
reactome:Pathway845,112
reactome:Pathway1512,30
reactome:Pathway978,22
reactome:Pathway180,8
reactome:Pathway1208,4
reactome:Pathway1426,3
reactome:Pathway1777,37
reactome:Pathway408,43
reactome:Pathway1559,3
reactome:Pathway2095,14
reactome:Pathway2180,965
reactome:Pathway2710,5
reactome:Pathway2407,40
reactome:Pathway2625,163
reactome:Pathway1995,406
reactome:Pathway711,29
reactome:Pathway1862,23
reactome:Pathway977,37
reactome:Pathway844,170
reactome:Pathway626,28
reactome:Pathway1511,12
reactome:Pathway1644,22
reactome:Pathway92,10
reactome:Pathway759,37
reactome:Pathway2137,7
reactome:Pathway2004,67
reactome:Pathway2222,130
reactome:Pathway2355,31
reactome:Pathway2440,5
reactome:Pathway2573,38
reactome:Pathway2488,14
reactome:Pathway1906,5
reactome:Pathway1461,18
reactome:Pathway1594,84
reactome:Pathway1243,2
reactome:Pathway1110,2
reactome:Pathway710,25
reactome:Pathway843,21
reactome:Pathway1376,4
reactome:Pathway407,10
reactome:Pathway976,57
reactome:Pathway1025,4
reactome:Pathway758,16
reactome:Pathway1158,48
reactome:Pathway625,41
reactome:Pathway1905,14
reactome:Pathway2005,5
reactome:Pathway2138,5
reactome:Pathway2223,53
reactome:Pathway2574,17
reactome:Pathway2441,23
reactome:Pathway2356,48
reactome:Pathway2489,5
reactome:Pathway1460,90
reactome:Pathway1593,3
reactome:Pathway1024,2
reactome:Pathway842,31
reactome:Pathway1375,46
reactome:Pathway975,5
reactome:Pathway1242,2
reactome:Pathway539,44
reactome:Pathway406,10
reactome:Pathway757,223
reactome:Pathway624,41
reactome:Pathway1157,2
reactome:Pathway2224,84
reactome:Pathway2139,12
reactome:Pathway2006,15
reactome:Pathway2575,73
reactome:Pathway2442,447
reactome:Pathway2660,9
reactome:Pathway1908,69
reactome:Pathway2357,11
reactome:Pathway623,47
reactome:Pathway1112,2
reactome:Pathway841,43
reactome:Pathway1681,2
reactome:Pathway1330,10
reactome:Pathway1596,22
reactome:Pathway1463,15
reactome:Pathway974,26
reactome:Pathway756,19
reactome:Pathway1027,2
reactome:Pathway1378,3
reactome:Pathway538,28
reactome:Pathway889,18
reactome:Pathway1245,3
reactome:Pathway405,10
reactome:Pathway2225,15
reactome:Pathway2007,5
reactome:Pathway2310,28
reactome:Pathway2443,77
reactome:Pathway2661,46
reactome:Pathway2358,52
reactome:Pathway1907,15
reactome:Pathway2576,19
reactome:Pathway1680,3
reactome:Pathway1244,3
reactome:Pathway840,22
reactome:Pathway973,10
reactome:Pathway1462,18
reactome:Pathway1111,2
reactome:Pathway622,99
reactome:Pathway755,20
reactome:Pathway1595,8
reactome:Pathway1377,3
reactome:Pathway888,32
reactome:Pathway1159,48
reactome:Pathway319,64
reactome:Pathway537,45
reactome:Pathway404,19
reactome:Pathway1026,2
reactome:Pathway1029,2
reactome:Pathway2226,25
reactome:Pathway2311,26
reactome:Pathway2662,21
reactome:Pathway2359,15
reactome:Pathway2444,117
reactome:Pathway2577,21
reactome:Pathway972,11
reactome:Pathway403,19
reactome:Pathway1550,10
reactome:Pathway621,854
reactome:Pathway754,12
reactome:Pathway1332,3
reactome:Pathway887,13
reactome:Pathway1683,50
reactome:Pathway2008,13
reactome:Pathway318,54
reactome:Pathway1598,145
reactome:Pathway1465,14
reactome:Pathway1247,3
reactome:Pathway1114,2
reactome:Pathway669,10
reactome:Pathway536,132
reactome:Pathway2227,25
reactome:Pathway2663,123
reactome:Pathway2530,40
reactome:Pathway2578,14
reactome:Pathway1909,20
reactome:Pathway2312,16
reactome:Pathway2445,13
reactome:Pathway971,46
reactome:Pathway1682,4
reactome:Pathway402,22
reactome:Pathway535,36
reactome:Pathway753,11
reactome:Pathway886,101
reactome:Pathway1331,7
reactome:Pathway620,17
reactome:Pathway1464,14
reactome:Pathway1597,428
reactome:Pathway2009,6
reactome:Pathway1028,5
reactome:Pathway1379,5
reactome:Pathway1246,3
reactome:Pathway668,11
reactome:Pathway317,95
reactome:Pathway1113,2
reactome:Pathway1249,3
reactome:Pathway2531,23
reactome:Pathway2579,45
reactome:Pathway2446,45
reactome:Pathway2664,31
reactome:Pathway2313,32
reactome:Pathway970,64
reactome:Pathway667,37
reactome:Pathway1770,17
reactome:Pathway752,20
reactome:Pathway534,68
reactome:Pathway885,48
reactome:Pathway1552,9
reactome:Pathway401,43
reactome:Pathway1116,2
reactome:Pathway1685,4
reactome:Pathway2228,18
reactome:Pathway1334,3
reactome:Pathway316,31
reactome:Pathway1467,16
reactome:Pathway449,382
reactome:Pathway1201,4
reactome:Pathway2750,5
reactome:Pathway2314,31
reactome:Pathway2447,31
reactome:Pathway2665,25
reactome:Pathway2532,24
reactome:Pathway751,9
reactome:Pathway884,48
reactome:Pathway1200,2
reactome:Pathway315,36
reactome:Pathway666,11
reactome:Pathway400,47
reactome:Pathway533,32
reactome:Pathway1684,38
reactome:Pathway1551,38
reactome:Pathway799,6
reactome:Pathway1248,3
reactome:Pathway1333,82
reactome:Pathway2229,34
reactome:Pathway1466,16
reactome:Pathway1115,2
reactome:Pathway448,1364
reactome:Pathway1599,27
reactome:Pathway1946,79
reactome:Pathway2044,15
reactome:Pathway2177,78
reactome:Pathway1813,17
reactome:Pathway2395,33
reactome:Pathway2480,10
reactome:Pathway1728,6
reactome:Pathway2262,7
reactome:Pathway217,51
reactome:Pathway520,27
reactome:Pathway43,16
reactome:Pathway1283,384
reactome:Pathway2707,9
reactome:Pathway871,60
reactome:Pathway1150,2
reactome:Pathway568,89
reactome:Pathway435,11
reactome:Pathway786,2094
reactome:Pathway1198,4
reactome:Pathway1065,14
reactome:Pathway653,18
reactome:Pathway302,50
reactome:Pathway1812,7
reactome:Pathway1727,7
reactome:Pathway2045,15
reactome:Pathway1945,22
reactome:Pathway2481,14
reactome:Pathway2178,127
reactome:Pathway1509,13
reactome:Pathway2263,7
reactome:Pathway2396,9
reactome:Pathway2130,39
reactome:Pathway652,47
reactome:Pathway2708,24
reactome:Pathway1064,21
reactome:Pathway42,11
reactome:Pathway870,21
reactome:Pathway1282,2
reactome:Pathway216,82
reactome:Pathway785,33
reactome:Pathway567,31
reactome:Pathway301,44
reactome:Pathway434,10
reactome:Pathway1197,4
reactome:Pathway349,26
reactome:Pathway1948,38
reactome:Pathway1815,76
reactome:Pathway2482,12
reactome:Pathway1900,12
reactome:Pathway2264,7
reactome:Pathway2179,3
reactome:Pathway2046,15
reactome:Pathway2131,28
reactome:Pathway2397,6
reactome:Pathway1152,87
reactome:Pathway300,85
reactome:Pathway1370,1
reactome:Pathway651,120
reactome:Pathway45,15
reactome:Pathway784,121
reactome:Pathway215,129
reactome:Pathway1067,5
reactome:Pathway348,66
reactome:Pathway699,17
reactome:Pathway433,9
reactome:Pathway566,40
reactome:Pathway2709,27
reactome:Pathway1285,35
reactome:Pathway1814,14
reactome:Pathway1947,42
reactome:Pathway2350,9
reactome:Pathway2265,13
reactome:Pathway2483,147
reactome:Pathway2132,21
reactome:Pathway1729,40
reactome:Pathway2047,10
reactome:Pathway2398,255
reactome:Pathway129,2
reactome:Pathway214,160
reactome:Pathway1284,82
reactome:Pathway432,26
reactome:Pathway1151,1
reactome:Pathway650,6
reactome:Pathway783,22
reactome:Pathway44,21
reactome:Pathway347,9
reactome:Pathway1199,4
reactome:Pathway698,9
reactome:Pathway1066,16
reactome:Pathway565,150
reactome:Pathway2048,13
reactome:Pathway1817,169
reactome:Pathway1902,33
reactome:Pathway2133,4
reactome:Pathway2000,99
reactome:Pathway2351,111
reactome:Pathway2266,6
reactome:Pathway2399,56
reactome:Pathway2484,52
reactome:Pathway47,16
reactome:Pathway564,8
reactome:Pathway431,41
reactome:Pathway1590,16
reactome:Pathway213,70
reactome:Pathway782,17
reactome:Pathway128,4
reactome:Pathway1372,5
reactome:Pathway479,12
reactome:Pathway1287,4
reactome:Pathway1154,20
reactome:Pathway1021,2
reactome:Pathway697,10
reactome:Pathway346,21
reactome:Pathway1069,6
reactome:Pathway1816,36
reactome:Pathway1949,47
reactome:Pathway2049,11
reactome:Pathway2001,12
reactome:Pathway1901,38
reactome:Pathway2570,43
reactome:Pathway2267,5
reactome:Pathway2134,7
reactome:Pathway2352,13
reactome:Pathway2485,63
reactome:Pathway46,9
reactome:Pathway696,36
reactome:Pathway781,32
reactome:Pathway563,16
reactome:Pathway1020,2
reactome:Pathway1371,4
reactome:Pathway127,4
reactome:Pathway430,52
reactome:Pathway1068,3
reactome:Pathway1286,5
reactome:Pathway212,90
reactome:Pathway345,100
reactome:Pathway1153,21
reactome:Pathway478,11
reactome:Pathway1904,9
reactome:Pathway2268,47
reactome:Pathway2571,1004
reactome:Pathway2220,80
reactome:Pathway2135,6
reactome:Pathway2002,28
reactome:Pathway2486,49
reactome:Pathway2353,56
reactome:Pathway1819,9
reactome:Pathway49,9
reactome:Pathway780,159
reactome:Pathway126,9
reactome:Pathway344,46
reactome:Pathway695,12
reactome:Pathway1592,10
reactome:Pathway562,59
reactome:Pathway1023,2
reactome:Pathway259,17
reactome:Pathway1156,51
reactome:Pathway1374,135
reactome:Pathway477,12
reactome:Pathway1241,2
reactome:Pathway211,14
reactome:Pathway1289,4
reactome:Pathway2269,10
reactome:Pathway2136,4
reactome:Pathway1903,5
reactome:Pathway2221,28
reactome:Pathway2003,100
reactome:Pathway2354,24
reactome:Pathway2487,9
reactome:Pathway2572,58
reactome:Pathway1818,11
reactome:Pathway48,13
reactome:Pathway1240,2
reactome:Pathway343,18
reactome:Pathway476,11
reactome:Pathway125,6
reactome:Pathway694,28
reactome:Pathway1591,127
reactome:Pathway561,15
reactome:Pathway1288,4
reactome:Pathway210,14
reactome:Pathway1373,5
reactome:Pathway1155,15
reactome:Pathway1022,4
reactome:Pathway258,26
reactome:Pathway1635,60
reactome:Pathway1502,5
reactome:Pathway1768,8
reactome:Pathway1417,3
reactome:Pathway1986,61
reactome:Pathway2084,16
reactome:Pathway560,83
reactome:Pathway2747,67
reactome:Pathway1190,4
reactome:Pathway2614,20
reactome:Pathway475,124
reactome:Pathway2529,42
reactome:Pathway693,16
reactome:Pathway342,22
reactome:Pathway83,37
reactome:Pathway1853,5
reactome:Pathway257,21
reactome:Pathway124,4
reactome:Pathway1720,25
reactome:Pathway1767,8
reactome:Pathway1634,213
reactome:Pathway1416,3
reactome:Pathway1549,8
reactome:Pathway919,12
reactome:Pathway2085,14
reactome:Pathway2700,15
reactome:Pathway2170,35
reactome:Pathway2748,49
reactome:Pathway692,84
reactome:Pathway2615,12
reactome:Pathway256,15
reactome:Pathway341,14
reactome:Pathway474,146
reactome:Pathway1852,11
reactome:Pathway82,41
reactome:Pathway1985,11
reactome:Pathway389,8
reactome:Pathway123,23
reactome:Pathway1501,14
reactome:Pathway1722,197
reactome:Pathway1504,7
reactome:Pathway1637,60
reactome:Pathway1988,14
reactome:Pathway1419,2
reactome:Pathway918,11
reactome:Pathway1855,8
reactome:Pathway2086,10
reactome:Pathway2171,79
reactome:Pathway2616,39
reactome:Pathway1192,4
reactome:Pathway340,19
reactome:Pathway691,223
reactome:Pathway2701,71
reactome:Pathway255,100
reactome:Pathway388,14
reactome:Pathway473,164
reactome:Pathway2749,24
reactome:Pathway122,8
reactome:Pathway1940,289
reactome:Pathway85,57
reactome:Pathway2390,109
reactome:Pathway1503,26
reactome:Pathway1769,193
reactome:Pathway917,12
reactome:Pathway1636,60
reactome:Pathway1418,34
reactome:Pathway1854,13
reactome:Pathway1987,15
reactome:Pathway2172,37
reactome:Pathway2087,66
reactome:Pathway1191,5
reactome:Pathway472,141
reactome:Pathway690,6
reactome:Pathway2702,15
reactome:Pathway387,20
reactome:Pathway169,368
reactome:Pathway2617,14
reactome:Pathway254,162
reactome:Pathway121,17
reactome:Pathway84,93
reactome:Pathway1721,42
reactome:Pathway2391,65
reactome:Pathway916,22
reactome:Pathway1724,18
reactome:Pathway1639,25
reactome:Pathway2088,7
reactome:Pathway1506,5
reactome:Pathway1857,31
reactome:Pathway1942,69
reactome:Pathway2040,15
reactome:Pathway2173,24
reactome:Pathway471,12
reactome:Pathway2703,60
reactome:Pathway87,11
reactome:Pathway1061,1
reactome:Pathway2618,44
reactome:Pathway1194,171
reactome:Pathway253,40
reactome:Pathway386,31
reactome:Pathway168,40
reactome:Pathway120,6
reactome:Pathway1723,86
reactome:Pathway915,30
reactome:Pathway1505,8
reactome:Pathway1856,6
reactome:Pathway1989,14
reactome:Pathway2089,23
reactome:Pathway1638,25
reactome:Pathway2392,45
reactome:Pathway2041,15
reactome:Pathway2174,62
reactome:Pathway2704,12
reactome:Pathway252,6
reactome:Pathway1060,20
reactome:Pathway470,9
reactome:Pathway86,60
reactome:Pathway2619,119
reactome:Pathway385,26
reactome:Pathway1193,4
reactome:Pathway1941,99
reactome:Pathway167,26
reactome:Pathway914,51
reactome:Pathway1859,11
reactome:Pathway829,6
reactome:Pathway1944,9
reactome:Pathway1726,11
reactome:Pathway1508,71
reactome:Pathway1811,8
reactome:Pathway2393,45
reactome:Pathway2260,14
reactome:Pathway2175,241
reactome:Pathway2042,15
reactome:Pathway251,15
reactome:Pathway384,15
reactome:Pathway1196,19
reactome:Pathway299,160
reactome:Pathway1063,21
reactome:Pathway89,26
reactome:Pathway2705,19
reactome:Pathway1281,2
reactome:Pathway166,59
reactome:Pathway41,8
reactome:Pathway1725,8
reactome:Pathway1858,6
reactome:Pathway828,50
reactome:Pathway2394,116
reactome:Pathway1507,137
reactome:Pathway2176,71
reactome:Pathway1810,8
reactome:Pathway1943,15
reactome:Pathway2261,7
reactome:Pathway2043,21
reactome:Pathway383,21
reactome:Pathway1280,2
reactome:Pathway250,21
reactome:Pathway1195,47
reactome:Pathway2706,9
reactome:Pathway298,33
reactome:Pathway88,12
reactome:Pathway1062,16
reactome:Pathway165,45
reactome:Pathway40,21
reactome:Pathway913,19
reactome:Pathway706,5
reactome:Pathway1239,2
reactome:Pathway839,56
reactome:Pathway1106,2
reactome:Pathway2303,32
reactome:Pathway2436,8
reactome:Pathway2654,48
reactome:Pathway2521,22
reactome:Pathway394,10
reactome:Pathway2569,7
reactome:Pathway261,29
reactome:Pathway176,57
reactome:Pathway1760,39
reactome:Pathway2218,30
reactome:Pathway1542,12
reactome:Pathway1675,11
reactome:Pathway1893,27
reactome:Pathway924,19
reactome:Pathway1324,3
reactome:Pathway1457,2065
reactome:Pathway705,101
reactome:Pathway838,10
reactome:Pathway1238,2
reactome:Pathway2740,7
reactome:Pathway2304,12
reactome:Pathway2655,82
reactome:Pathway2522,6
reactome:Pathway2437,1590
reactome:Pathway260,9
reactome:Pathway393,32
reactome:Pathway1541,7
reactome:Pathway1105,2
reactome:Pathway1892,13
reactome:Pathway1323,2
reactome:Pathway1674,2
reactome:Pathway175,9
reactome:Pathway1589,7
reactome:Pathway1456,3
reactome:Pathway2219,4
reactome:Pathway923,13
reactome:Pathway837,14
reactome:Pathway1326,3
reactome:Pathway1108,2
reactome:Pathway619,10
reactome:Pathway1459,158
reactome:Pathway2656,4
reactome:Pathway2523,16
reactome:Pathway391,17
reactome:Pathway2741,36
reactome:Pathway392,12
reactome:Pathway2305,11
reactome:Pathway2438,1465
reactome:Pathway1895,15
reactome:Pathway1980,5
reactome:Pathway922,4
reactome:Pathway1411,3
reactome:Pathway1762,8
reactome:Pathway1544,11
reactome:Pathway1677,11
reactome:Pathway704,13
reactome:Pathway174,25
reactome:Pathway1458,356
reactome:Pathway969,150
reactome:Pathway618,22
reactome:Pathway1107,2
reactome:Pathway2524,11
reactome:Pathway390,29
reactome:Pathway2742,28
reactome:Pathway2439,11
reactome:Pathway2657,9
reactome:Pathway2306,14
reactome:Pathway1761,20
reactome:Pathway1894,9
reactome:Pathway173,29
reactome:Pathway1410,3
reactome:Pathway1543,7
reactome:Pathway921,6
reactome:Pathway703,5
reactome:Pathway836,27
reactome:Pathway1676,11
reactome:Pathway1325,4
reactome:Pathway1679,2
reactome:Pathway1546,4
reactome:Pathway1328,2
reactome:Pathway171,54
reactome:Pathway617,58
reactome:Pathway2080,15
reactome:Pathway2743,26
reactome:Pathway2610,13
reactome:Pathway2307,49
reactome:Pathway2658,3
reactome:Pathway2525,30
reactome:Pathway1897,20
reactome:Pathway920,21
reactome:Pathway1982,45
reactome:Pathway1631,74
reactome:Pathway172,16
reactome:Pathway702,12
reactome:Pathway835,24
reactome:Pathway968,6
reactome:Pathway1413,3
reactome:Pathway1764,14
reactome:Pathway749,12
reactome:Pathway1109,2
reactome:Pathway1678,11
reactome:Pathway1327,2
reactome:Pathway170,252
reactome:Pathway2744,52
reactome:Pathway2611,106
reactome:Pathway2081,6
reactome:Pathway2308,34
reactome:Pathway2659,8
reactome:Pathway2526,9
reactome:Pathway1896,13
reactome:Pathway701,29
reactome:Pathway1763,12
reactome:Pathway616,38
reactome:Pathway1630,13
reactome:Pathway834,130
reactome:Pathway1981,62
reactome:Pathway1412,3
reactome:Pathway967,6
reactome:Pathway1545,143
reactome:Pathway1766,277
reactome:Pathway1415,3
reactome:Pathway1548,4
reactome:Pathway1899,23
reactome:Pathway2612,95
reactome:Pathway2082,27
reactome:Pathway2527,20
reactome:Pathway2745,5
reactome:Pathway2309,14
reactome:Pathway1984,34
reactome:Pathway700,50
reactome:Pathway1851,28
reactome:Pathway966,32
reactome:Pathway833,158
reactome:Pathway615,121
reactome:Pathway81,74
reactome:Pathway1500,18
reactome:Pathway1633,213
reactome:Pathway748,81
reactome:Pathway1414,3
reactome:Pathway1547,11
reactome:Pathway529,9
reactome:Pathway1329,2
reactome:Pathway1898,38
reactome:Pathway2083,14
reactome:Pathway2528,14
reactome:Pathway2746,156
reactome:Pathway2613,30
reactome:Pathway1850,3
reactome:Pathway832,369
reactome:Pathway1983,149
reactome:Pathway965,32
reactome:Pathway614,44
reactome:Pathway747,706
reactome:Pathway1765,30
reactome:Pathway80,464
reactome:Pathway1632,29
reactome:Pathway2258,7
reactome:Pathway2125,34
reactome:Pathway2210,13
reactome:Pathway2343,15
reactome:Pathway2476,9
reactome:Pathway2694,18
reactome:Pathway2561,113
reactome:Pathway1809,10
reactome:Pathway39,18
reactome:Pathway1013,47
reactome:Pathway1582,40
reactome:Pathway1364,4
reactome:Pathway964,43
reactome:Pathway1231,4
reactome:Pathway831,9
reactome:Pathway1497,67
reactome:Pathway528,25
reactome:Pathway746,30
reactome:Pathway879,99
reactome:Pathway1279,2
reactome:Pathway1146,2
reactome:Pathway613,19
reactome:Pathway2126,25
reactome:Pathway309,48
reactome:Pathway2259,36
reactome:Pathway2211,100
reactome:Pathway2344,115
reactome:Pathway2695,13
reactome:Pathway2562,113
reactome:Pathway2477,9
reactome:Pathway1808,17
reactome:Pathway38,78
reactome:Pathway1581,46
reactome:Pathway1012,17
reactome:Pathway612,44
reactome:Pathway1145,2
reactome:Pathway1363,4
reactome:Pathway830,32
reactome:Pathway1496,200
reactome:Pathway963,43
reactome:Pathway1230,3
reactome:Pathway745,38
reactome:Pathway878,33
reactome:Pathway527,14
reactome:Pathway1278,3
reactome:Pathway2127,69
reactome:Pathway2212,32
reactome:Pathway2696,6
reactome:Pathway2563,42
reactome:Pathway2430,2032
reactome:Pathway2345,31
reactome:Pathway2478,13
reactome:Pathway962,60
reactome:Pathway1233,4
reactome:Pathway611,29
reactome:Pathway1100,3
reactome:Pathway1451,3
reactome:Pathway744,67
reactome:Pathway1584,75
reactome:Pathway1366,16
reactome:Pathway877,187
reactome:Pathway659,3
reactome:Pathway1499,6
reactome:Pathway1148,4
reactome:Pathway308,16
reactome:Pathway526,13
reactome:Pathway1015,48
reactome:Pathway2213,34
reactome:Pathway2128,38
reactome:Pathway2564,13
reactome:Pathway2431,50
reactome:Pathway2479,9
reactome:Pathway2697,20
reactome:Pathway2346,12
reactome:Pathway1583,16
reactome:Pathway1450,3
reactome:Pathway961,802
reactome:Pathway1232,4
reactome:Pathway610,7
reactome:Pathway743,11
reactome:Pathway1365,6
reactome:Pathway876,4
reactome:Pathway1498,12
reactome:Pathway307,15
reactome:Pathway1147,1
reactome:Pathway658,10
reactome:Pathway1014,47
reactome:Pathway525,12
reactome:Pathway2214,6
reactome:Pathway2432,43
reactome:Pathway2650,8
reactome:Pathway2347,31
reactome:Pathway2698,36
reactome:Pathway2565,17
reactome:Pathway960,3601
reactome:Pathway524,21
reactome:Pathway1671,4
reactome:Pathway742,6
reactome:Pathway1320,2
reactome:Pathway875,22
reactome:Pathway1453,3
reactome:Pathway439,66
reactome:Pathway1017,2
reactome:Pathway2129,33
reactome:Pathway1586,23
reactome:Pathway1368,1
reactome:Pathway1235,3
reactome:Pathway1102,6
reactome:Pathway306,24
reactome:Pathway657,13
reactome:Pathway2215,22
reactome:Pathway2300,29
reactome:Pathway2651,7
reactome:Pathway2699,27
reactome:Pathway2348,12
reactome:Pathway2433,9
reactome:Pathway2566,18
reactome:Pathway656,23
reactome:Pathway741,13
reactome:Pathway1101,37
reactome:Pathway1670,2
reactome:Pathway874,9
reactome:Pathway523,44
reactome:Pathway1452,4
reactome:Pathway1585,21
reactome:Pathway1149,2
reactome:Pathway789,79
reactome:Pathway1016,48
reactome:Pathway1367,3
reactome:Pathway305,321
reactome:Pathway1234,3
reactome:Pathway438,42
reactome:Pathway2216,42
reactome:Pathway1019,14
reactome:Pathway2652,130
reactome:Pathway2567,1164
reactome:Pathway2301,17
reactome:Pathway2434,31
reactome:Pathway2349,16
reactome:Pathway219,43
reactome:Pathway740,27
reactome:Pathway873,12
reactome:Pathway655,48
reactome:Pathway304,465
reactome:Pathway522,15
reactome:Pathway1673,10
reactome:Pathway1540,6
reactome:Pathway788,166
reactome:Pathway1237,2
reactome:Pathway1322,5
reactome:Pathway1104,2
reactome:Pathway1455,3
reactome:Pathway437,22
reactome:Pathway1588,12
reactome:Pathway1891,83
reactome:Pathway1018,2
reactome:Pathway2520,12
reactome:Pathway2568,50
reactome:Pathway2435,6
reactome:Pathway2302,194
reactome:Pathway2653,9
reactome:Pathway218,32
reactome:Pathway872,9
reactome:Pathway303,34
reactome:Pathway436,115
reactome:Pathway787,291
reactome:Pathway654,5
reactome:Pathway521,13
reactome:Pathway1321,2
reactome:Pathway1672,3
reactome:Pathway1587,17
reactome:Pathway1454,3
reactome:Pathway1236,2
reactome:Pathway2217,12
reactome:Pathway1103,28
reactome:Pathway1890,12
reactome:Pathway1369,1
reactome:Pathway569,23
