reactome:Pathway202	abstraction:SuperPathwayOf	reactome:Pathway228
reactome:Pathway356	abstraction:SuperPathwayOf	reactome:Pathway362
reactome:Pathway373	abstraction:SuperPathwayOf	reactome:Pathway374
reactome:Pathway269	abstraction:SuperPathwayOf	reactome:Pathway274
reactome:Pathway2	abstraction:SuperPathwayOf	reactome:Pathway94
reactome:Pathway56	abstraction:SuperPathwayOf	reactome:Pathway70
reactome:Pathway319	abstraction:SuperPathwayOf	reactome:Pathway331
reactome:Pathway389	abstraction:SuperPathwayOf	reactome:Pathway392
reactome:Pathway23	abstraction:SuperPathwayOf	reactome:Pathway24
reactome:Pathway127	abstraction:SuperPathwayOf	reactome:Pathway129
reactome:Pathway11	abstraction:SuperPathwayOf	reactome:Pathway13
reactome:Pathway334	abstraction:SuperPathwayOf	reactome:Pathway347
reactome:Pathway214	abstraction:SuperPathwayOf	reactome:Pathway215
reactome:Pathway387	abstraction:SuperPathwayOf	reactome:Pathway395
reactome:Pathway395	abstraction:SuperPathwayOf	reactome:Pathway396
reactome:Pathway410	abstraction:SuperPathwayOf	reactome:Pathway412
reactome:Pathway64	abstraction:SuperPathwayOf	reactome:Pathway66
reactome:Pathway1	abstraction:SuperPathwayOf	reactome:Pathway288
reactome:Pathway165	abstraction:SuperPathwayOf	reactome:Pathway168
reactome:Pathway116	abstraction:SuperPathwayOf	reactome:Pathway120
reactome:Pathway173	abstraction:SuperPathwayOf	reactome:Pathway174
reactome:Pathway174	abstraction:SuperPathwayOf	reactome:Pathway176
reactome:Pathway319	abstraction:SuperPathwayOf	reactome:Pathway320
reactome:Pathway233	abstraction:SuperPathwayOf	reactome:Pathway242
reactome:Pathway116	abstraction:SuperPathwayOf	reactome:Pathway119
reactome:Pathway116	abstraction:SuperPathwayOf	reactome:Pathway121
reactome:Pathway1	abstraction:SuperPathwayOf	reactome:Pathway387
reactome:Pathway228	abstraction:SuperPathwayOf	reactome:Pathway231
reactome:Pathway202	abstraction:SuperPathwayOf	reactome:Pathway205
reactome:Pathway208	abstraction:SuperPathwayOf	reactome:Pathway219
reactome:Pathway356	abstraction:SuperPathwayOf	reactome:Pathway367
reactome:Pathway61	abstraction:SuperPathwayOf	reactome:Pathway62
reactome:Pathway77	abstraction:SuperPathwayOf	reactome:Pathway81
reactome:Pathway154	abstraction:SuperPathwayOf	reactome:Pathway162
reactome:Pathway299	abstraction:SuperPathwayOf	reactome:Pathway302
reactome:Pathway334	abstraction:SuperPathwayOf	reactome:Pathway353
reactome:Pathway16	abstraction:SuperPathwayOf	reactome:Pathway17
reactome:Pathway269	abstraction:SuperPathwayOf	reactome:Pathway270
reactome:Pathway315	abstraction:SuperPathwayOf	reactome:Pathway316
reactome:Pathway213	abstraction:SuperPathwayOf	reactome:Pathway214
reactome:Pathway34	abstraction:SuperPathwayOf	reactome:Pathway38
reactome:Pathway163	abstraction:SuperPathwayOf	reactome:Pathway164
reactome:Pathway406	abstraction:SuperPathwayOf	reactome:Pathway408
reactome:Pathway116	abstraction:SuperPathwayOf	reactome:Pathway123
reactome:Pathway308	abstraction:SuperPathwayOf	reactome:Pathway314
reactome:Pathway283	abstraction:SuperPathwayOf	reactome:Pathway284
reactome:Pathway77	abstraction:SuperPathwayOf	reactome:Pathway80
reactome:Pathway141	abstraction:SuperPathwayOf	reactome:Pathway144
reactome:Pathway395	abstraction:SuperPathwayOf	reactome:Pathway401
reactome:Pathway56	abstraction:SuperPathwayOf	reactome:Pathway67
reactome:Pathway181	abstraction:SuperPathwayOf	reactome:Pathway183
reactome:Pathway56	abstraction:SuperPathwayOf	reactome:Pathway71
reactome:Pathway334	abstraction:SuperPathwayOf	reactome:Pathway346
reactome:Pathway334	abstraction:SuperPathwayOf	reactome:Pathway342
reactome:Pathway374	abstraction:SuperPathwayOf	reactome:Pathway382
reactome:Pathway249	abstraction:SuperPathwayOf	reactome:Pathway251
reactome:Pathway320	abstraction:SuperPathwayOf	reactome:Pathway322
reactome:Pathway383	abstraction:SuperPathwayOf	reactome:Pathway385
reactome:Pathway2	abstraction:SuperPathwayOf	reactome:Pathway9
reactome:Pathway172	abstraction:SuperPathwayOf	reactome:Pathway198
reactome:Pathway296	abstraction:SuperPathwayOf	reactome:Pathway298
reactome:Pathway308	abstraction:SuperPathwayOf	reactome:Pathway310
reactome:Pathway228	abstraction:SuperPathwayOf	reactome:Pathway229
reactome:Pathway334	abstraction:SuperPathwayOf	reactome:Pathway354
reactome:Pathway308	abstraction:SuperPathwayOf	reactome:Pathway309
reactome:Pathway1	abstraction:SuperPathwayOf	reactome:Pathway253
reactome:Pathway10	abstraction:SuperPathwayOf	reactome:Pathway11
reactome:Pathway383	abstraction:SuperPathwayOf	reactome:Pathway384
reactome:Pathway165	abstraction:SuperPathwayOf	reactome:Pathway167
reactome:Pathway334	abstraction:SuperPathwayOf	reactome:Pathway338
reactome:Pathway94	abstraction:SuperPathwayOf	reactome:Pathway95
reactome:Pathway334	abstraction:SuperPathwayOf	reactome:Pathway336
reactome:Pathway136	abstraction:SuperPathwayOf	reactome:Pathway147
reactome:Pathway173	abstraction:SuperPathwayOf	reactome:Pathway187
reactome:Pathway334	abstraction:SuperPathwayOf	reactome:Pathway349
reactome:Pathway72	abstraction:SuperPathwayOf	reactome:Pathway76
reactome:Pathway258	abstraction:SuperPathwayOf	reactome:Pathway267
reactome:Pathway10	abstraction:SuperPathwayOf	reactome:Pathway15
reactome:Pathway3	abstraction:SuperPathwayOf	reactome:Pathway6
reactome:Pathway77	abstraction:SuperPathwayOf	reactome:Pathway87
reactome:Pathway133	abstraction:SuperPathwayOf	reactome:Pathway135
reactome:Pathway35	abstraction:SuperPathwayOf	reactome:Pathway36
reactome:Pathway245	abstraction:SuperPathwayOf	reactome:Pathway246
reactome:Pathway332	abstraction:SuperPathwayOf	reactome:Pathway369
reactome:Pathway2	abstraction:SuperPathwayOf	reactome:Pathway136
reactome:Pathway1	abstraction:SuperPathwayOf	reactome:Pathway276
reactome:Pathway34	abstraction:SuperPathwayOf	reactome:Pathway43
reactome:Pathway174	abstraction:SuperPathwayOf	reactome:Pathway180
reactome:Pathway174	abstraction:SuperPathwayOf	reactome:Pathway178
reactome:Pathway172	abstraction:SuperPathwayOf	reactome:Pathway173
reactome:Pathway3	abstraction:SuperPathwayOf	reactome:Pathway8
reactome:Pathway1	abstraction:SuperPathwayOf	reactome:Pathway319
reactome:Pathway155	abstraction:SuperPathwayOf	reactome:Pathway156
reactome:Pathway136	abstraction:SuperPathwayOf	reactome:Pathway137
reactome:Pathway249	abstraction:SuperPathwayOf	reactome:Pathway250
reactome:Pathway277	abstraction:SuperPathwayOf	reactome:Pathway278
reactome:Pathway1	abstraction:SuperPathwayOf	reactome:Pathway275
reactome:Pathway213	abstraction:SuperPathwayOf	reactome:Pathway217
reactome:Pathway356	abstraction:SuperPathwayOf	reactome:Pathway364
reactome:Pathway258	abstraction:SuperPathwayOf	reactome:Pathway259
reactome:Pathway136	abstraction:SuperPathwayOf	reactome:Pathway145
reactome:Pathway205	abstraction:SuperPathwayOf	reactome:Pathway206
reactome:Pathway23	abstraction:SuperPathwayOf	reactome:Pathway33
reactome:Pathway136	abstraction:SuperPathwayOf	reactome:Pathway140
reactome:Pathway38	abstraction:SuperPathwayOf	reactome:Pathway42
reactome:Pathway1	abstraction:SuperPathwayOf	reactome:Pathway233
reactome:Pathway249	abstraction:SuperPathwayOf	reactome:Pathway252
reactome:Pathway181	abstraction:SuperPathwayOf	reactome:Pathway185
reactome:Pathway258	abstraction:SuperPathwayOf	reactome:Pathway260
reactome:Pathway239	abstraction:SuperPathwayOf	reactome:Pathway241
reactome:Pathway395	abstraction:SuperPathwayOf	reactome:Pathway409
reactome:Pathway276	abstraction:SuperPathwayOf	reactome:Pathway283
reactome:Pathway173	abstraction:SuperPathwayOf	reactome:Pathway197
reactome:Pathway2	abstraction:SuperPathwayOf	reactome:Pathway114
reactome:Pathway246	abstraction:SuperPathwayOf	reactome:Pathway247
reactome:Pathway173	abstraction:SuperPathwayOf	reactome:Pathway191
reactome:Pathway174	abstraction:SuperPathwayOf	reactome:Pathway177
reactome:Pathway387	abstraction:SuperPathwayOf	reactome:Pathway389
reactome:Pathway276	abstraction:SuperPathwayOf	reactome:Pathway279
reactome:Pathway320	abstraction:SuperPathwayOf	reactome:Pathway323
reactome:Pathway234	abstraction:SuperPathwayOf	reactome:Pathway237
reactome:Pathway1	abstraction:SuperPathwayOf	reactome:Pathway410
reactome:Pathway210	abstraction:SuperPathwayOf	reactome:Pathway211
reactome:Pathway47	abstraction:SuperPathwayOf	reactome:Pathway50
reactome:Pathway2	abstraction:SuperPathwayOf	reactome:Pathway150
reactome:Pathway98	abstraction:SuperPathwayOf	reactome:Pathway100
reactome:Pathway110	abstraction:SuperPathwayOf	reactome:Pathway112
reactome:Pathway395	abstraction:SuperPathwayOf	reactome:Pathway405
reactome:Pathway116	abstraction:SuperPathwayOf	reactome:Pathway122
reactome:Pathway53	abstraction:SuperPathwayOf	reactome:Pathway54
reactome:Pathway222	abstraction:SuperPathwayOf	reactome:Pathway225
reactome:Pathway191	abstraction:SuperPathwayOf	reactome:Pathway192
reactome:Pathway1	abstraction:SuperPathwayOf	reactome:Pathway306
reactome:Pathway291	abstraction:SuperPathwayOf	reactome:Pathway294
reactome:Pathway77	abstraction:SuperPathwayOf	reactome:Pathway79
reactome:Pathway116	abstraction:SuperPathwayOf	reactome:Pathway117
reactome:Pathway44	abstraction:SuperPathwayOf	reactome:Pathway52
reactome:Pathway135	abstraction:SuperPathwayOf	reactome:Pathway97
reactome:Pathway332	abstraction:SuperPathwayOf	reactome:Pathway333
reactome:Pathway107	abstraction:SuperPathwayOf	reactome:Pathway113
reactome:Pathway299	abstraction:SuperPathwayOf	reactome:Pathway303
reactome:Pathway210	abstraction:SuperPathwayOf	reactome:Pathway212
reactome:Pathway154	abstraction:SuperPathwayOf	reactome:Pathway155
reactome:Pathway60	abstraction:SuperPathwayOf	reactome:Pathway61
reactome:Pathway334	abstraction:SuperPathwayOf	reactome:Pathway355
reactome:Pathway253	abstraction:SuperPathwayOf	reactome:Pathway255
reactome:Pathway356	abstraction:SuperPathwayOf	reactome:Pathway357
reactome:Pathway150	abstraction:SuperPathwayOf	reactome:Pathway151
reactome:Pathway395	abstraction:SuperPathwayOf	reactome:Pathway406
reactome:Pathway21	abstraction:SuperPathwayOf	reactome:Pathway22
reactome:Pathway147	abstraction:SuperPathwayOf	reactome:Pathway148
reactome:Pathway165	abstraction:SuperPathwayOf	reactome:Pathway169
reactome:Pathway173	abstraction:SuperPathwayOf	reactome:Pathway194
reactome:Pathway299	abstraction:SuperPathwayOf	reactome:Pathway305
reactome:Pathway383	abstraction:SuperPathwayOf	reactome:Pathway386
reactome:Pathway77	abstraction:SuperPathwayOf	reactome:Pathway82
reactome:Pathway1	abstraction:SuperPathwayOf	reactome:Pathway373
reactome:Pathway397	abstraction:SuperPathwayOf	reactome:Pathway399
reactome:Pathway159	abstraction:SuperPathwayOf	reactome:Pathway161
reactome:Pathway11	abstraction:SuperPathwayOf	reactome:Pathway12
reactome:Pathway110	abstraction:SuperPathwayOf	reactome:Pathway111
reactome:Pathway370	abstraction:SuperPathwayOf	reactome:Pathway371
reactome:Pathway202	abstraction:SuperPathwayOf	reactome:Pathway227
reactome:Pathway395	abstraction:SuperPathwayOf	reactome:Pathway402
reactome:Pathway410	abstraction:SuperPathwayOf	reactome:Pathway411
reactome:Pathway389	abstraction:SuperPathwayOf	reactome:Pathway390
reactome:Pathway291	abstraction:SuperPathwayOf	reactome:Pathway292
reactome:Pathway2	abstraction:SuperPathwayOf	reactome:Pathway153
reactome:Pathway235	abstraction:SuperPathwayOf	reactome:Pathway236
reactome:Pathway60	abstraction:SuperPathwayOf	reactome:Pathway63
reactome:Pathway198	abstraction:SuperPathwayOf	reactome:Pathway200
reactome:Pathway2	abstraction:SuperPathwayOf	reactome:Pathway53
reactome:Pathway245	abstraction:SuperPathwayOf	reactome:Pathway248
reactome:Pathway116	abstraction:SuperPathwayOf	reactome:Pathway124
reactome:Pathway56	abstraction:SuperPathwayOf	reactome:Pathway69
reactome:Pathway306	abstraction:SuperPathwayOf	reactome:Pathway318
reactome:Pathway127	abstraction:SuperPathwayOf	reactome:Pathway130
reactome:Pathway56	abstraction:SuperPathwayOf	reactome:Pathway60
reactome:Pathway270	abstraction:SuperPathwayOf	reactome:Pathway273
reactome:Pathway258	abstraction:SuperPathwayOf	reactome:Pathway263
reactome:Pathway223	abstraction:SuperPathwayOf	reactome:Pathway224
reactome:Pathway11	abstraction:SuperPathwayOf	reactome:Pathway14
reactome:Pathway127	abstraction:SuperPathwayOf	reactome:Pathway131
reactome:Pathway234	abstraction:SuperPathwayOf	reactome:Pathway238
reactome:Pathway2	abstraction:SuperPathwayOf	reactome:Pathway107
reactome:Pathway334	abstraction:SuperPathwayOf	reactome:Pathway344
reactome:Pathway349	abstraction:SuperPathwayOf	reactome:Pathway351
reactome:Pathway2	abstraction:SuperPathwayOf	reactome:Pathway105
reactome:Pathway53	abstraction:SuperPathwayOf	reactome:Pathway88
reactome:Pathway173	abstraction:SuperPathwayOf	reactome:Pathway195
reactome:Pathway334	abstraction:SuperPathwayOf	reactome:Pathway341
reactome:Pathway56	abstraction:SuperPathwayOf	reactome:Pathway68
reactome:Pathway2	abstraction:SuperPathwayOf	reactome:Pathway116
reactome:Pathway127	abstraction:SuperPathwayOf	reactome:Pathway128
reactome:Pathway410	abstraction:SuperPathwayOf	reactome:Pathway413
reactome:Pathway95	abstraction:SuperPathwayOf	reactome:Pathway97
reactome:Pathway258	abstraction:SuperPathwayOf	reactome:Pathway264
reactome:Pathway255	abstraction:SuperPathwayOf	reactome:Pathway256
reactome:Pathway258	abstraction:SuperPathwayOf	reactome:Pathway268
reactome:Pathway188	abstraction:SuperPathwayOf	reactome:Pathway189
reactome:Pathway276	abstraction:SuperPathwayOf	reactome:Pathway277
reactome:Pathway279	abstraction:SuperPathwayOf	reactome:Pathway281
reactome:Pathway16	abstraction:SuperPathwayOf	reactome:Pathway19
reactome:Pathway136	abstraction:SuperPathwayOf	reactome:Pathway141
reactome:Pathway333	abstraction:SuperPathwayOf	reactome:Pathway334
reactome:Pathway406	abstraction:SuperPathwayOf	reactome:Pathway407
reactome:Pathway165	abstraction:SuperPathwayOf	reactome:Pathway170
reactome:Pathway283	abstraction:SuperPathwayOf	reactome:Pathway286
reactome:Pathway95	abstraction:SuperPathwayOf	reactome:Pathway96
reactome:Pathway356	abstraction:SuperPathwayOf	reactome:Pathway359
reactome:Pathway234	abstraction:SuperPathwayOf	reactome:Pathway235
reactome:Pathway174	abstraction:SuperPathwayOf	reactome:Pathway175
reactome:Pathway33	abstraction:SuperPathwayOf	reactome:Pathway22
reactome:Pathway356	abstraction:SuperPathwayOf	reactome:Pathway361
reactome:Pathway77	abstraction:SuperPathwayOf	reactome:Pathway83
reactome:Pathway88	abstraction:SuperPathwayOf	reactome:Pathway89
reactome:Pathway242	abstraction:SuperPathwayOf	reactome:Pathway243
reactome:Pathway402	abstraction:SuperPathwayOf	reactome:Pathway404
reactome:Pathway374	abstraction:SuperPathwayOf	reactome:Pathway375
reactome:Pathway389	abstraction:SuperPathwayOf	reactome:Pathway393
reactome:Pathway38	abstraction:SuperPathwayOf	reactome:Pathway40
reactome:Pathway387	abstraction:SuperPathwayOf	reactome:Pathway394
reactome:Pathway307	abstraction:SuperPathwayOf	reactome:Pathway308
reactome:Pathway253	abstraction:SuperPathwayOf	reactome:Pathway258
reactome:Pathway359	abstraction:SuperPathwayOf	reactome:Pathway360
reactome:Pathway72	abstraction:SuperPathwayOf	reactome:Pathway75
reactome:Pathway188	abstraction:SuperPathwayOf	reactome:Pathway190
reactome:Pathway133	abstraction:SuperPathwayOf	reactome:Pathway134
reactome:Pathway228	abstraction:SuperPathwayOf	reactome:Pathway230
reactome:Pathway28	abstraction:SuperPathwayOf	reactome:Pathway31
reactome:Pathway97	abstraction:SuperPathwayOf	reactome:Pathway102
reactome:Pathway387	abstraction:SuperPathwayOf	reactome:Pathway388
reactome:Pathway57	abstraction:SuperPathwayOf	reactome:Pathway59
reactome:Pathway315	abstraction:SuperPathwayOf	reactome:Pathway317
reactome:Pathway374	abstraction:SuperPathwayOf	reactome:Pathway123
reactome:Pathway225	abstraction:SuperPathwayOf	reactome:Pathway226
reactome:Pathway239	abstraction:SuperPathwayOf	reactome:Pathway240
reactome:Pathway181	abstraction:SuperPathwayOf	reactome:Pathway182
reactome:Pathway1	abstraction:SuperPathwayOf	reactome:Pathway291
reactome:Pathway1	abstraction:SuperPathwayOf	reactome:Pathway383
reactome:Pathway47	abstraction:SuperPathwayOf	reactome:Pathway48
reactome:Pathway334	abstraction:SuperPathwayOf	reactome:Pathway352
reactome:Pathway38	abstraction:SuperPathwayOf	reactome:Pathway41
reactome:Pathway261	abstraction:SuperPathwayOf	reactome:Pathway262
reactome:Pathway202	abstraction:SuperPathwayOf	reactome:Pathway203
reactome:Pathway283	abstraction:SuperPathwayOf	reactome:Pathway285
reactome:Pathway292	abstraction:SuperPathwayOf	reactome:Pathway293
reactome:Pathway28	abstraction:SuperPathwayOf	reactome:Pathway29
reactome:Pathway334	abstraction:SuperPathwayOf	reactome:Pathway343
reactome:Pathway154	abstraction:SuperPathwayOf	reactome:Pathway165
reactome:Pathway270	abstraction:SuperPathwayOf	reactome:Pathway272
reactome:Pathway370	abstraction:SuperPathwayOf	reactome:Pathway372
reactome:Pathway105	abstraction:SuperPathwayOf	reactome:Pathway106
reactome:Pathway1	abstraction:SuperPathwayOf	reactome:Pathway2
reactome:Pathway306	abstraction:SuperPathwayOf	reactome:Pathway307
reactome:Pathway299	abstraction:SuperPathwayOf	reactome:Pathway300
reactome:Pathway9	abstraction:SuperPathwayOf	reactome:Pathway34
reactome:Pathway165	abstraction:SuperPathwayOf	reactome:Pathway166
reactome:Pathway108	abstraction:SuperPathwayOf	reactome:Pathway109
reactome:Pathway72	abstraction:SuperPathwayOf	reactome:Pathway73
reactome:Pathway320	abstraction:SuperPathwayOf	reactome:Pathway325
reactome:Pathway1	abstraction:SuperPathwayOf	reactome:Pathway154
reactome:Pathway53	abstraction:SuperPathwayOf	reactome:Pathway56
reactome:Pathway107	abstraction:SuperPathwayOf	reactome:Pathway110
reactome:Pathway253	abstraction:SuperPathwayOf	reactome:Pathway254
reactome:Pathway172	abstraction:SuperPathwayOf	reactome:Pathway201
reactome:Pathway10	abstraction:SuperPathwayOf	reactome:Pathway21
reactome:Pathway233	abstraction:SuperPathwayOf	reactome:Pathway234
reactome:Pathway85	abstraction:SuperPathwayOf	reactome:Pathway86
reactome:Pathway114	abstraction:SuperPathwayOf	reactome:Pathway115
reactome:Pathway258	abstraction:SuperPathwayOf	reactome:Pathway265
reactome:Pathway334	abstraction:SuperPathwayOf	reactome:Pathway340
reactome:Pathway296	abstraction:SuperPathwayOf	reactome:Pathway297
reactome:Pathway16	abstraction:SuperPathwayOf	reactome:Pathway18
reactome:Pathway25	abstraction:SuperPathwayOf	reactome:Pathway27
reactome:Pathway56	abstraction:SuperPathwayOf	reactome:Pathway72
reactome:Pathway156	abstraction:SuperPathwayOf	reactome:Pathway157
reactome:Pathway94	abstraction:SuperPathwayOf	reactome:Pathway104
reactome:Pathway332	abstraction:SuperPathwayOf	reactome:Pathway370
reactome:Pathway107	abstraction:SuperPathwayOf	reactome:Pathway108
reactome:Pathway88	abstraction:SuperPathwayOf	reactome:Pathway91
reactome:Pathway294	abstraction:SuperPathwayOf	reactome:Pathway295
reactome:Pathway374	abstraction:SuperPathwayOf	reactome:Pathway379
reactome:Pathway209	abstraction:SuperPathwayOf	reactome:Pathway210
reactome:Pathway28	abstraction:SuperPathwayOf	reactome:Pathway32
reactome:Pathway203	abstraction:SuperPathwayOf	reactome:Pathway204
reactome:Pathway9	abstraction:SuperPathwayOf	reactome:Pathway23
reactome:Pathway308	abstraction:SuperPathwayOf	reactome:Pathway311
reactome:Pathway325	abstraction:SuperPathwayOf	reactome:Pathway327
reactome:Pathway397	abstraction:SuperPathwayOf	reactome:Pathway398
reactome:Pathway116	abstraction:SuperPathwayOf	reactome:Pathway126
reactome:Pathway88	abstraction:SuperPathwayOf	reactome:Pathway92
reactome:Pathway154	abstraction:SuperPathwayOf	reactome:Pathway163
reactome:Pathway181	abstraction:SuperPathwayOf	reactome:Pathway184
reactome:Pathway64	abstraction:SuperPathwayOf	reactome:Pathway65
reactome:Pathway25	abstraction:SuperPathwayOf	reactome:Pathway26
reactome:Pathway191	abstraction:SuperPathwayOf	reactome:Pathway193
reactome:Pathway116	abstraction:SuperPathwayOf	reactome:Pathway118
reactome:Pathway23	abstraction:SuperPathwayOf	reactome:Pathway25
reactome:Pathway56	abstraction:SuperPathwayOf	reactome:Pathway57
reactome:Pathway389	abstraction:SuperPathwayOf	reactome:Pathway391
reactome:Pathway233	abstraction:SuperPathwayOf	reactome:Pathway245
reactome:Pathway3	abstraction:SuperPathwayOf	reactome:Pathway7
reactome:Pathway374	abstraction:SuperPathwayOf	reactome:Pathway376
reactome:Pathway334	abstraction:SuperPathwayOf	reactome:Pathway335
reactome:Pathway258	abstraction:SuperPathwayOf	reactome:Pathway261
reactome:Pathway374	abstraction:SuperPathwayOf	reactome:Pathway378
reactome:Pathway202	abstraction:SuperPathwayOf	reactome:Pathway222
reactome:Pathway54	abstraction:SuperPathwayOf	reactome:Pathway55
reactome:Pathway307	abstraction:SuperPathwayOf	reactome:Pathway315
reactome:Pathway356	abstraction:SuperPathwayOf	reactome:Pathway358
reactome:Pathway141	abstraction:SuperPathwayOf	reactome:Pathway142
reactome:Pathway331	abstraction:SuperPathwayOf	reactome:Pathway212
reactome:Pathway3	abstraction:SuperPathwayOf	reactome:Pathway4
reactome:Pathway155	abstraction:SuperPathwayOf	reactome:Pathway158
reactome:Pathway212	abstraction:SuperPathwayOf	reactome:Pathway213
reactome:Pathway73	abstraction:SuperPathwayOf	reactome:Pathway74
reactome:Pathway155	abstraction:SuperPathwayOf	reactome:Pathway159
reactome:Pathway171	abstraction:SuperPathwayOf	reactome:Pathway172
reactome:Pathway374	abstraction:SuperPathwayOf	reactome:Pathway380
reactome:Pathway47	abstraction:SuperPathwayOf	reactome:Pathway51
reactome:Pathway53	abstraction:SuperPathwayOf	reactome:Pathway77
reactome:Pathway60	abstraction:SuperPathwayOf	reactome:Pathway64
reactome:Pathway356	abstraction:SuperPathwayOf	reactome:Pathway365
reactome:Pathway253	abstraction:SuperPathwayOf	reactome:Pathway269
reactome:Pathway150	abstraction:SuperPathwayOf	reactome:Pathway152
reactome:Pathway334	abstraction:SuperPathwayOf	reactome:Pathway348
reactome:Pathway77	abstraction:SuperPathwayOf	reactome:Pathway85
reactome:Pathway34	abstraction:SuperPathwayOf	reactome:Pathway35
reactome:Pathway395	abstraction:SuperPathwayOf	reactome:Pathway397
reactome:Pathway97	abstraction:SuperPathwayOf	reactome:Pathway98
reactome:Pathway173	abstraction:SuperPathwayOf	reactome:Pathway181
reactome:Pathway279	abstraction:SuperPathwayOf	reactome:Pathway280
reactome:Pathway2	abstraction:SuperPathwayOf	reactome:Pathway3
reactome:Pathway132	abstraction:SuperPathwayOf	reactome:Pathway133
reactome:Pathway35	abstraction:SuperPathwayOf	reactome:Pathway37
reactome:Pathway327	abstraction:SuperPathwayOf	reactome:Pathway328
reactome:Pathway213	abstraction:SuperPathwayOf	reactome:Pathway216
reactome:Pathway288	abstraction:SuperPathwayOf	reactome:Pathway290
reactome:Pathway202	abstraction:SuperPathwayOf	reactome:Pathway221
reactome:Pathway299	abstraction:SuperPathwayOf	reactome:Pathway301
reactome:Pathway52	abstraction:SuperPathwayOf	reactome:Pathway22
reactome:Pathway233	abstraction:SuperPathwayOf	reactome:Pathway249
reactome:Pathway88	abstraction:SuperPathwayOf	reactome:Pathway90
reactome:Pathway228	abstraction:SuperPathwayOf	reactome:Pathway232
reactome:Pathway270	abstraction:SuperPathwayOf	reactome:Pathway271
reactome:Pathway141	abstraction:SuperPathwayOf	reactome:Pathway143
reactome:Pathway349	abstraction:SuperPathwayOf	reactome:Pathway350
reactome:Pathway320	abstraction:SuperPathwayOf	reactome:Pathway321
reactome:Pathway222	abstraction:SuperPathwayOf	reactome:Pathway223
reactome:Pathway312	abstraction:SuperPathwayOf	reactome:Pathway313
reactome:Pathway208	abstraction:SuperPathwayOf	reactome:Pathway218
reactome:Pathway325	abstraction:SuperPathwayOf	reactome:Pathway329
reactome:Pathway3	abstraction:SuperPathwayOf	reactome:Pathway5
reactome:Pathway44	abstraction:SuperPathwayOf	reactome:Pathway47
reactome:Pathway173	abstraction:SuperPathwayOf	reactome:Pathway188
reactome:Pathway374	abstraction:SuperPathwayOf	reactome:Pathway377
reactome:Pathway100	abstraction:SuperPathwayOf	reactome:Pathway101
reactome:Pathway124	abstraction:SuperPathwayOf	reactome:Pathway125
reactome:Pathway77	abstraction:SuperPathwayOf	reactome:Pathway78
reactome:Pathway77	abstraction:SuperPathwayOf	reactome:Pathway84
reactome:Pathway1	abstraction:SuperPathwayOf	reactome:Pathway332
reactome:Pathway294	abstraction:SuperPathwayOf	reactome:Pathway296
reactome:Pathway291	abstraction:SuperPathwayOf	reactome:Pathway299
reactome:Pathway10	abstraction:SuperPathwayOf	reactome:Pathway16
reactome:Pathway206	abstraction:SuperPathwayOf	reactome:Pathway220
reactome:Pathway325	abstraction:SuperPathwayOf	reactome:Pathway326
reactome:Pathway206	abstraction:SuperPathwayOf	reactome:Pathway208
reactome:Pathway171	abstraction:SuperPathwayOf	reactome:Pathway202
reactome:Pathway2	abstraction:SuperPathwayOf	reactome:Pathway127
reactome:Pathway43	abstraction:SuperPathwayOf	reactome:Pathway22
reactome:Pathway136	abstraction:SuperPathwayOf	reactome:Pathway138
reactome:Pathway9	abstraction:SuperPathwayOf	reactome:Pathway10
reactome:Pathway88	abstraction:SuperPathwayOf	reactome:Pathway93
reactome:Pathway356	abstraction:SuperPathwayOf	reactome:Pathway368
reactome:Pathway299	abstraction:SuperPathwayOf	reactome:Pathway304
reactome:Pathway173	abstraction:SuperPathwayOf	reactome:Pathway196
reactome:Pathway356	abstraction:SuperPathwayOf	reactome:Pathway366
reactome:Pathway9	abstraction:SuperPathwayOf	reactome:Pathway44
reactome:Pathway308	abstraction:SuperPathwayOf	reactome:Pathway312
reactome:Pathway1	abstraction:SuperPathwayOf	reactome:Pathway171
reactome:Pathway2	abstraction:SuperPathwayOf	reactome:Pathway132
reactome:Pathway333	abstraction:SuperPathwayOf	reactome:Pathway356
reactome:Pathway334	abstraction:SuperPathwayOf	reactome:Pathway345
reactome:Pathway16	abstraction:SuperPathwayOf	reactome:Pathway20
reactome:Pathway181	abstraction:SuperPathwayOf	reactome:Pathway186
reactome:Pathway44	abstraction:SuperPathwayOf	reactome:Pathway45
reactome:Pathway23	abstraction:SuperPathwayOf	reactome:Pathway28
reactome:Pathway397	abstraction:SuperPathwayOf	reactome:Pathway400
reactome:Pathway38	abstraction:SuperPathwayOf	reactome:Pathway39
reactome:Pathway402	abstraction:SuperPathwayOf	reactome:Pathway403
reactome:Pathway45	abstraction:SuperPathwayOf	reactome:Pathway46
reactome:Pathway57	abstraction:SuperPathwayOf	reactome:Pathway58
reactome:Pathway1	abstraction:SuperPathwayOf	reactome:Pathway287
reactome:Pathway206	abstraction:SuperPathwayOf	reactome:Pathway207
reactome:Pathway47	abstraction:SuperPathwayOf	reactome:Pathway49
reactome:Pathway28	abstraction:SuperPathwayOf	reactome:Pathway30
reactome:Pathway95	abstraction:SuperPathwayOf	reactome:Pathway103
reactome:Pathway2	abstraction:SuperPathwayOf	reactome:Pathway149
reactome:Pathway136	abstraction:SuperPathwayOf	reactome:Pathway139
reactome:Pathway258	abstraction:SuperPathwayOf	reactome:Pathway266
reactome:Pathway255	abstraction:SuperPathwayOf	reactome:Pathway257
reactome:Pathway323	abstraction:SuperPathwayOf	reactome:Pathway324
reactome:Pathway159	abstraction:SuperPathwayOf	reactome:Pathway160
reactome:Pathway410	abstraction:SuperPathwayOf	reactome:Pathway414
reactome:Pathway288	abstraction:SuperPathwayOf	reactome:Pathway289
reactome:Pathway208	abstraction:SuperPathwayOf	reactome:Pathway209
reactome:Pathway98	abstraction:SuperPathwayOf	reactome:Pathway99
reactome:Pathway198	abstraction:SuperPathwayOf	reactome:Pathway199
reactome:Pathway233	abstraction:SuperPathwayOf	reactome:Pathway239
reactome:Pathway174	abstraction:SuperPathwayOf	reactome:Pathway179
reactome:Pathway279	abstraction:SuperPathwayOf	reactome:Pathway282
reactome:Pathway325	abstraction:SuperPathwayOf	reactome:Pathway330
reactome:Pathway374	abstraction:SuperPathwayOf	reactome:Pathway381
reactome:Pathway356	abstraction:SuperPathwayOf	reactome:Pathway363
reactome:Pathway334	abstraction:SuperPathwayOf	reactome:Pathway339
reactome:Pathway242	abstraction:SuperPathwayOf	reactome:Pathway244
reactome:Pathway334	abstraction:SuperPathwayOf	reactome:Pathway337
reactome:Pathway136	abstraction:SuperPathwayOf	reactome:Pathway146
reactome:Pathway230	abstraction:NextStepPathway	reactome:Pathway331
reactome:Pathway37	abstraction:NextStepPathway	reactome:Pathway39
reactome:Pathway225	abstraction:NextStepPathway	reactome:Pathway222
reactome:Pathway138	abstraction:NextStepPathway	reactome:Pathway308
reactome:Pathway396	abstraction:NextStepPathway	reactome:Pathway398
reactome:Pathway316	abstraction:NextStepPathway	reactome:Pathway65
reactome:Pathway96	abstraction:NextStepPathway	reactome:Pathway102
reactome:Pathway130	abstraction:NextStepPathway	reactome:Pathway295
reactome:Pathway376	abstraction:NextStepPathway	reactome:Pathway145
reactome:Pathway308	abstraction:NextStepPathway	reactome:Pathway225
reactome:Pathway186	abstraction:NextStepPathway	reactome:Pathway203
reactome:Pathway410	abstraction:NextStepPathway	reactome:Pathway413
reactome:Pathway389	abstraction:NextStepPathway	reactome:Pathway392
reactome:Pathway27	abstraction:NextStepPathway	reactome:Pathway31
reactome:Pathway378	abstraction:NextStepPathway	reactome:Pathway110
reactome:Pathway220	abstraction:NextStepPathway	reactome:Pathway204
reactome:Pathway173	abstraction:NextStepPathway	reactome:Pathway203
reactome:Pathway279	abstraction:NextStepPathway	reactome:Pathway281
reactome:Pathway183	abstraction:NextStepPathway	reactome:Pathway222
reactome:Pathway389	abstraction:NextStepPathway	reactome:Pathway390
reactome:Pathway254	abstraction:NextStepPathway	reactome:Pathway273
reactome:Pathway4	abstraction:NextStepPathway	reactome:Pathway331
reactome:Pathway114	abstraction:NextStepPathway	reactome:Pathway324
reactome:Pathway295	abstraction:NextStepPathway	reactome:Pathway130
reactome:Pathway118	abstraction:NextStepPathway	reactome:Pathway308
reactome:Pathway221	abstraction:NextStepPathway	reactome:Pathway220
reactome:Pathway27	abstraction:NextStepPathway	reactome:Pathway30
reactome:Pathway37	abstraction:NextStepPathway	reactome:Pathway41
reactome:Pathway139	abstraction:NextStepPathway	reactome:Pathway144
reactome:Pathway189	abstraction:NextStepPathway	reactome:Pathway203
reactome:Pathway48	abstraction:NextStepPathway	reactome:Pathway52
reactome:Pathway18	abstraction:NextStepPathway	reactome:Pathway112
reactome:Pathway12	abstraction:NextStepPathway	reactome:Pathway16
reactome:Pathway174	abstraction:NextStepPathway	reactome:Pathway205
reactome:Pathway204	abstraction:NextStepPathway	reactome:Pathway203
reactome:Pathway254	abstraction:NextStepPathway	reactome:Pathway270
reactome:Pathway215	abstraction:NextStepPathway	reactome:Pathway217
reactome:Pathway222	abstraction:NextStepPathway	reactome:Pathway231
reactome:Pathway68	abstraction:NextStepPathway	reactome:Pathway320
reactome:Pathway92	abstraction:NextStepPathway	reactome:Pathway324
reactome:Pathway203	abstraction:NextStepPathway	reactome:Pathway220
reactome:Pathway5	abstraction:NextStepPathway	reactome:Pathway61
reactome:Pathway196	abstraction:NextStepPathway	reactome:Pathway205
reactome:Pathway65	abstraction:NextStepPathway	reactome:Pathway73
reactome:Pathway46	abstraction:NextStepPathway	reactome:Pathway48
reactome:Pathway111	abstraction:NextStepPathway	reactome:Pathway125
reactome:Pathway212	abstraction:NextStepPathway	reactome:Pathway111
reactome:Pathway174	abstraction:NextStepPathway	reactome:Pathway222
reactome:Pathway163	abstraction:NextStepPathway	reactome:Pathway161
reactome:Pathway212	abstraction:NextStepPathway	reactome:Pathway274
reactome:Pathway318	abstraction:NextStepPathway	reactome:Pathway358
reactome:Pathway311	abstraction:NextStepPathway	reactome:Pathway65
reactome:Pathway308	abstraction:NextStepPathway	reactome:Pathway43
reactome:Pathway218	abstraction:NextStepPathway	reactome:Pathway220
reactome:Pathway227	abstraction:NextStepPathway	reactome:Pathway231
reactome:Pathway70	abstraction:NextStepPathway	reactome:Pathway73
reactome:Pathway7	abstraction:NextStepPathway	reactome:Pathway42
reactome:Pathway205	abstraction:NextStepPathway	reactome:Pathway220
reactome:Pathway76	abstraction:NextStepPathway	reactome:Pathway214
reactome:Pathway65	abstraction:NextStepPathway	reactome:Pathway312
reactome:Pathway110	abstraction:NextStepPathway	reactome:Pathway368
reactome:Pathway386	abstraction:NextStepPathway	reactome:Pathway383
reactome:Pathway68	abstraction:NextStepPathway	reactome:Pathway229
reactome:Pathway209	abstraction:NextStepPathway	reactome:Pathway331
reactome:Pathway322	abstraction:NextStepPathway	reactome:Pathway76
reactome:Pathway29	abstraction:NextStepPathway	reactome:Pathway33
reactome:Pathway186	abstraction:NextStepPathway	reactome:Pathway222
reactome:Pathway14	abstraction:NextStepPathway	reactome:Pathway16
reactome:Pathway29	abstraction:NextStepPathway	reactome:Pathway308
reactome:Pathway201	abstraction:NextStepPathway	reactome:Pathway222
reactome:Pathway173	abstraction:NextStepPathway	reactome:Pathway222
reactome:Pathway58	abstraction:NextStepPathway	reactome:Pathway61
reactome:Pathway119	abstraction:NextStepPathway	reactome:Pathway320
reactome:Pathway222	abstraction:NextStepPathway	reactome:Pathway229
reactome:Pathway41	abstraction:NextStepPathway	reactome:Pathway308
reactome:Pathway368	abstraction:NextStepPathway	reactome:Pathway110
reactome:Pathway182	abstraction:NextStepPathway	reactome:Pathway205
reactome:Pathway112	abstraction:NextStepPathway	reactome:Pathway213
reactome:Pathway42	abstraction:NextStepPathway	reactome:Pathway20
reactome:Pathway274	abstraction:NextStepPathway	reactome:Pathway112
reactome:Pathway283	abstraction:NextStepPathway	reactome:Pathway286
reactome:Pathway5	abstraction:NextStepPathway	reactome:Pathway95
reactome:Pathway13	abstraction:NextStepPathway	reactome:Pathway16
reactome:Pathway274	abstraction:NextStepPathway	reactome:Pathway231
reactome:Pathway180	abstraction:NextStepPathway	reactome:Pathway205
reactome:Pathway230	abstraction:NextStepPathway	reactome:Pathway209
reactome:Pathway65	abstraction:NextStepPathway	reactome:Pathway52
reactome:Pathway111	abstraction:NextStepPathway	reactome:Pathway330
reactome:Pathway320	abstraction:NextStepPathway	reactome:Pathway323
reactome:Pathway194	abstraction:NextStepPathway	reactome:Pathway205
reactome:Pathway182	abstraction:NextStepPathway	reactome:Pathway222
reactome:Pathway389	abstraction:NextStepPathway	reactome:Pathway393
reactome:Pathway221	abstraction:NextStepPathway	reactome:Pathway232
reactome:Pathway106	abstraction:NextStepPathway	reactome:Pathway320
reactome:Pathway112	abstraction:NextStepPathway	reactome:Pathway223
reactome:Pathway73	abstraction:NextStepPathway	reactome:Pathway225
reactome:Pathway65	abstraction:NextStepPathway	reactome:Pathway21
reactome:Pathway324	abstraction:NextStepPathway	reactome:Pathway111
reactome:Pathway317	abstraction:NextStepPathway	reactome:Pathway308
reactome:Pathway39	abstraction:NextStepPathway	reactome:Pathway43
reactome:Pathway156	abstraction:NextStepPathway	reactome:Pathway157
reactome:Pathway12	abstraction:NextStepPathway	reactome:Pathway19
reactome:Pathway331	abstraction:NextStepPathway	reactome:Pathway223
reactome:Pathway227	abstraction:NextStepPathway	reactome:Pathway357
reactome:Pathway3	abstraction:NextStepPathway	reactome:Pathway6
reactome:Pathway76	abstraction:NextStepPathway	reactome:Pathway216
reactome:Pathway216	abstraction:NextStepPathway	reactome:Pathway298
reactome:Pathway308	abstraction:NextStepPathway	reactome:Pathway298
reactome:Pathway223	abstraction:NextStepPathway	reactome:Pathway212
reactome:Pathway298	abstraction:NextStepPathway	reactome:Pathway76
reactome:Pathway283	abstraction:NextStepPathway	reactome:Pathway282
reactome:Pathway254	abstraction:NextStepPathway	reactome:Pathway272
reactome:Pathway65	abstraction:NextStepPathway	reactome:Pathway225
reactome:Pathway3	abstraction:NextStepPathway	reactome:Pathway246
reactome:Pathway58	abstraction:NextStepPathway	reactome:Pathway63
reactome:Pathway40	abstraction:NextStepPathway	reactome:Pathway331
reactome:Pathway327	abstraction:NextStepPathway	reactome:Pathway323
reactome:Pathway200	abstraction:NextStepPathway	reactome:Pathway222
reactome:Pathway248	abstraction:NextStepPathway	reactome:Pathway235
reactome:Pathway109	abstraction:NextStepPathway	reactome:Pathway110
reactome:Pathway315	abstraction:NextStepPathway	reactome:Pathway33
reactome:Pathway221	abstraction:NextStepPathway	reactome:Pathway274
reactome:Pathway70	abstraction:NextStepPathway	reactome:Pathway225
reactome:Pathway129	abstraction:NextStepPathway	reactome:Pathway324
reactome:Pathway102	abstraction:NextStepPathway	reactome:Pathway103
reactome:Pathway95	abstraction:NextStepPathway	reactome:Pathway308
reactome:Pathway177	abstraction:NextStepPathway	reactome:Pathway222
reactome:Pathway112	abstraction:NextStepPathway	reactome:Pathway216
reactome:Pathway261	abstraction:NextStepPathway	reactome:Pathway274
reactome:Pathway203	abstraction:NextStepPathway	reactome:Pathway274
reactome:Pathway225	abstraction:NextStepPathway	reactome:Pathway76
reactome:Pathway204	abstraction:NextStepPathway	reactome:Pathway221
reactome:Pathway344	abstraction:NextStepPathway	reactome:Pathway364
reactome:Pathway36	abstraction:NextStepPathway	reactome:Pathway40
reactome:Pathway308	abstraction:NextStepPathway	reactome:Pathway33
reactome:Pathway316	abstraction:NextStepPathway	reactome:Pathway308
reactome:Pathway221	abstraction:NextStepPathway	reactome:Pathway230
reactome:Pathway197	abstraction:NextStepPathway	reactome:Pathway205
reactome:Pathway221	abstraction:NextStepPathway	reactome:Pathway204
reactome:Pathway45	abstraction:NextStepPathway	reactome:Pathway49
reactome:Pathway221	abstraction:NextStepPathway	reactome:Pathway215
reactome:Pathway14	abstraction:NextStepPathway	reactome:Pathway19
reactome:Pathway95	abstraction:NextStepPathway	reactome:Pathway6
reactome:Pathway85	abstraction:NextStepPathway	reactome:Pathway86
reactome:Pathway222	abstraction:NextStepPathway	reactome:Pathway224
reactome:Pathway184	abstraction:NextStepPathway	reactome:Pathway203
reactome:Pathway132	abstraction:NextStepPathway	reactome:Pathway134
reactome:Pathway254	abstraction:NextStepPathway	reactome:Pathway267
reactome:Pathway112	abstraction:NextStepPathway	reactome:Pathway209
reactome:Pathway205	abstraction:NextStepPathway	reactome:Pathway274
reactome:Pathway236	abstraction:NextStepPathway	reactome:Pathway243
reactome:Pathway204	abstraction:NextStepPathway	reactome:Pathway296
reactome:Pathway65	abstraction:NextStepPathway	reactome:Pathway43
reactome:Pathway112	abstraction:NextStepPathway	reactome:Pathway217
reactome:Pathway13	abstraction:NextStepPathway	reactome:Pathway19
reactome:Pathway203	abstraction:NextStepPathway	reactome:Pathway230
reactome:Pathway226	abstraction:NextStepPathway	reactome:Pathway308
reactome:Pathway203	abstraction:NextStepPathway	reactome:Pathway204
reactome:Pathway65	abstraction:NextStepPathway	reactome:Pathway74
reactome:Pathway203	abstraction:NextStepPathway	reactome:Pathway215
reactome:Pathway111	abstraction:NextStepPathway	reactome:Pathway297
reactome:Pathway116	abstraction:NextStepPathway	reactome:Pathway124
reactome:Pathway68	abstraction:NextStepPathway	reactome:Pathway324
reactome:Pathway36	abstraction:NextStepPathway	reactome:Pathway41
reactome:Pathway127	abstraction:NextStepPathway	reactome:Pathway130
reactome:Pathway258	abstraction:NextStepPathway	reactome:Pathway263
reactome:Pathway229	abstraction:NextStepPathway	reactome:Pathway320
reactome:Pathway389	abstraction:NextStepPathway	reactome:Pathway391
reactome:Pathway288	abstraction:NextStepPathway	reactome:Pathway290
reactome:Pathway205	abstraction:NextStepPathway	reactome:Pathway230
reactome:Pathway193	abstraction:NextStepPathway	reactome:Pathway203
reactome:Pathway94	abstraction:NextStepPathway	reactome:Pathway96
reactome:Pathway12	abstraction:NextStepPathway	reactome:Pathway18
reactome:Pathway205	abstraction:NextStepPathway	reactome:Pathway215
reactome:Pathway238	abstraction:NextStepPathway	reactome:Pathway240
reactome:Pathway112	abstraction:NextStepPathway	reactome:Pathway212
reactome:Pathway331	abstraction:NextStepPathway	reactome:Pathway274
reactome:Pathway51	abstraction:NextStepPathway	reactome:Pathway32
reactome:Pathway181	abstraction:NextStepPathway	reactome:Pathway203
reactome:Pathway32	abstraction:NextStepPathway	reactome:Pathway320
reactome:Pathway320	abstraction:NextStepPathway	reactome:Pathway321
reactome:Pathway311	abstraction:NextStepPathway	reactome:Pathway308
reactome:Pathway51	abstraction:NextStepPathway	reactome:Pathway320
reactome:Pathway214	abstraction:NextStepPathway	reactome:Pathway298
reactome:Pathway112	abstraction:NextStepPathway	reactome:Pathway358
reactome:Pathway230	abstraction:NextStepPathway	reactome:Pathway112
reactome:Pathway20	abstraction:NextStepPathway	reactome:Pathway32
reactome:Pathway383	abstraction:NextStepPathway	reactome:Pathway386
reactome:Pathway331	abstraction:NextStepPathway	reactome:Pathway212
reactome:Pathway212	abstraction:NextStepPathway	reactome:Pathway216
reactome:Pathway20	abstraction:NextStepPathway	reactome:Pathway320
reactome:Pathway320	abstraction:NextStepPathway	reactome:Pathway324
reactome:Pathway3	abstraction:NextStepPathway	reactome:Pathway7
reactome:Pathway73	abstraction:NextStepPathway	reactome:Pathway298
reactome:Pathway378	abstraction:NextStepPathway	reactome:Pathway359
reactome:Pathway378	abstraction:NextStepPathway	reactome:Pathway361
reactome:Pathway308	abstraction:NextStepPathway	reactome:Pathway65
reactome:Pathway127	abstraction:NextStepPathway	reactome:Pathway128
reactome:Pathway274	abstraction:NextStepPathway	reactome:Pathway224
reactome:Pathway324	abstraction:NextStepPathway	reactome:Pathway320
reactome:Pathway58	abstraction:NextStepPathway	reactome:Pathway67
reactome:Pathway58	abstraction:NextStepPathway	reactome:Pathway71
reactome:Pathway216	abstraction:NextStepPathway	reactome:Pathway76
reactome:Pathway187	abstraction:NextStepPathway	reactome:Pathway203
reactome:Pathway255	abstraction:NextStepPathway	reactome:Pathway256
reactome:Pathway366	abstraction:NextStepPathway	reactome:Pathway122
reactome:Pathway3	abstraction:NextStepPathway	reactome:Pathway296
reactome:Pathway238	abstraction:NextStepPathway	reactome:Pathway243
reactome:Pathway119	abstraction:NextStepPathway	reactome:Pathway324
reactome:Pathway65	abstraction:NextStepPathway	reactome:Pathway315
reactome:Pathway7	abstraction:NextStepPathway	reactome:Pathway20
reactome:Pathway3	abstraction:NextStepPathway	reactome:Pathway4
reactome:Pathway4	abstraction:NextStepPathway	reactome:Pathway112
reactome:Pathway320	abstraction:NextStepPathway	reactome:Pathway298
reactome:Pathway65	abstraction:NextStepPathway	reactome:Pathway298
reactome:Pathway32	abstraction:NextStepPathway	reactome:Pathway51
reactome:Pathway67	abstraction:NextStepPathway	reactome:Pathway331
reactome:Pathway212	abstraction:NextStepPathway	reactome:Pathway217
reactome:Pathway49	abstraction:NextStepPathway	reactome:Pathway331
reactome:Pathway396	abstraction:NextStepPathway	reactome:Pathway403
reactome:Pathway254	abstraction:NextStepPathway	reactome:Pathway271
reactome:Pathway46	abstraction:NextStepPathway	reactome:Pathway49
reactome:Pathway97	abstraction:NextStepPathway	reactome:Pathway98
reactome:Pathway30	abstraction:NextStepPathway	reactome:Pathway331
reactome:Pathway20	abstraction:NextStepPathway	reactome:Pathway51
reactome:Pathway137	abstraction:NextStepPathway	reactome:Pathway142
reactome:Pathway14	abstraction:NextStepPathway	reactome:Pathway18
reactome:Pathway241	abstraction:NextStepPathway	reactome:Pathway248
reactome:Pathway106	abstraction:NextStepPathway	reactome:Pathway324
reactome:Pathway324	abstraction:NextStepPathway	reactome:Pathway323
reactome:Pathway359	abstraction:NextStepPathway	reactome:Pathway360
reactome:Pathway315	abstraction:NextStepPathway	reactome:Pathway73
reactome:Pathway145	abstraction:NextStepPathway	reactome:Pathway376
reactome:Pathway13	abstraction:NextStepPathway	reactome:Pathway18
reactome:Pathway294	abstraction:NextStepPathway	reactome:Pathway130
reactome:Pathway274	abstraction:NextStepPathway	reactome:Pathway223
reactome:Pathway230	abstraction:NextStepPathway	reactome:Pathway274
reactome:Pathway206	abstraction:NextStepPathway	reactome:Pathway207
reactome:Pathway286	abstraction:NextStepPathway	reactome:Pathway283
reactome:Pathway186	abstraction:NextStepPathway	reactome:Pathway205
reactome:Pathway270	abstraction:NextStepPathway	reactome:Pathway366
reactome:Pathway256	abstraction:NextStepPathway	reactome:Pathway255
reactome:Pathway223	abstraction:NextStepPathway	reactome:Pathway288
reactome:Pathway110	abstraction:NextStepPathway	reactome:Pathway320
reactome:Pathway212	abstraction:NextStepPathway	reactome:Pathway358
reactome:Pathway173	abstraction:NextStepPathway	reactome:Pathway205
reactome:Pathway65	abstraction:NextStepPathway	reactome:Pathway33
reactome:Pathway26	abstraction:NextStepPathway	reactome:Pathway29
reactome:Pathway201	abstraction:NextStepPathway	reactome:Pathway205
reactome:Pathway221	abstraction:NextStepPathway	reactome:Pathway229
reactome:Pathway185	abstraction:NextStepPathway	reactome:Pathway203
reactome:Pathway315	abstraction:NextStepPathway	reactome:Pathway312
reactome:Pathway68	abstraction:NextStepPathway	reactome:Pathway111
reactome:Pathway366	abstraction:NextStepPathway	reactome:Pathway270
reactome:Pathway111	abstraction:NextStepPathway	reactome:Pathway320
reactome:Pathway288	abstraction:NextStepPathway	reactome:Pathway289
reactome:Pathway410	abstraction:NextStepPathway	reactome:Pathway414
reactome:Pathway112	abstraction:NextStepPathway	reactome:Pathway331
reactome:Pathway227	abstraction:NextStepPathway	reactome:Pathway232
reactome:Pathway99	abstraction:NextStepPathway	reactome:Pathway101
reactome:Pathway209	abstraction:NextStepPathway	reactome:Pathway112
reactome:Pathway151	abstraction:NextStepPathway	reactome:Pathway150
reactome:Pathway204	abstraction:NextStepPathway	reactome:Pathway205
reactome:Pathway95	abstraction:NextStepPathway	reactome:Pathway61
reactome:Pathway3	abstraction:NextStepPathway	reactome:Pathway5
reactome:Pathway222	abstraction:NextStepPathway	reactome:Pathway274
reactome:Pathway114	abstraction:NextStepPathway	reactome:Pathway308
reactome:Pathway215	abstraction:NextStepPathway	reactome:Pathway220
reactome:Pathway108	abstraction:NextStepPathway	reactome:Pathway109
reactome:Pathway32	abstraction:NextStepPathway	reactome:Pathway42
reactome:Pathway51	abstraction:NextStepPathway	reactome:Pathway42
reactome:Pathway132	abstraction:NextStepPathway	reactome:Pathway135
reactome:Pathway137	abstraction:NextStepPathway	reactome:Pathway143
reactome:Pathway175	abstraction:NextStepPathway	reactome:Pathway205
reactome:Pathway320	abstraction:NextStepPathway	reactome:Pathway111
reactome:Pathway20	abstraction:NextStepPathway	reactome:Pathway42
reactome:Pathway315	abstraction:NextStepPathway	reactome:Pathway52
reactome:Pathway108	abstraction:NextStepPathway	reactome:Pathway107
reactome:Pathway7	abstraction:NextStepPathway	reactome:Pathway32
reactome:Pathway274	abstraction:NextStepPathway	reactome:Pathway232
reactome:Pathway227	abstraction:NextStepPathway	reactome:Pathway274
reactome:Pathway156	abstraction:NextStepPathway	reactome:Pathway163
reactome:Pathway260	abstraction:NextStepPathway	reactome:Pathway258
reactome:Pathway7	abstraction:NextStepPathway	reactome:Pathway320
reactome:Pathway116	abstraction:NextStepPathway	reactome:Pathway120
reactome:Pathway204	abstraction:NextStepPathway	reactome:Pathway220
reactome:Pathway222	abstraction:NextStepPathway	reactome:Pathway230
reactome:Pathway315	abstraction:NextStepPathway	reactome:Pathway21
reactome:Pathway293	abstraction:NextStepPathway	reactome:Pathway292
reactome:Pathway358	abstraction:NextStepPathway	reactome:Pathway318
reactome:Pathway203	abstraction:NextStepPathway	reactome:Pathway232
reactome:Pathway116	abstraction:NextStepPathway	reactome:Pathway119
reactome:Pathway199	abstraction:NextStepPathway	reactome:Pathway203
reactome:Pathway116	abstraction:NextStepPathway	reactome:Pathway121
reactome:Pathway327	abstraction:NextStepPathway	reactome:Pathway325
reactome:Pathway241	abstraction:NextStepPathway	reactome:Pathway235
reactome:Pathway378	abstraction:NextStepPathway	reactome:Pathway358
reactome:Pathway116	abstraction:NextStepPathway	reactome:Pathway118
reactome:Pathway174	abstraction:NextStepPathway	reactome:Pathway203
reactome:Pathway209	abstraction:NextStepPathway	reactome:Pathway274
reactome:Pathway40	abstraction:NextStepPathway	reactome:Pathway112
reactome:Pathway185	abstraction:NextStepPathway	reactome:Pathway222
reactome:Pathway227	abstraction:NextStepPathway	reactome:Pathway230
reactome:Pathway95	abstraction:NextStepPathway	reactome:Pathway5
reactome:Pathway282	abstraction:NextStepPathway	reactome:Pathway283
reactome:Pathway315	abstraction:NextStepPathway	reactome:Pathway225
reactome:Pathway230	abstraction:NextStepPathway	reactome:Pathway224
reactome:Pathway258	abstraction:NextStepPathway	reactome:Pathway261
reactome:Pathway205	abstraction:NextStepPathway	reactome:Pathway232
reactome:Pathway45	abstraction:NextStepPathway	reactome:Pathway50
reactome:Pathway37	abstraction:NextStepPathway	reactome:Pathway40
reactome:Pathway32	abstraction:NextStepPathway	reactome:Pathway324
reactome:Pathway105	abstraction:NextStepPathway	reactome:Pathway106
reactome:Pathway51	abstraction:NextStepPathway	reactome:Pathway324
reactome:Pathway378	abstraction:NextStepPathway	reactome:Pathway365
reactome:Pathway116	abstraction:NextStepPathway	reactome:Pathway123
reactome:Pathway111	abstraction:NextStepPathway	reactome:Pathway252
reactome:Pathway20	abstraction:NextStepPathway	reactome:Pathway324
reactome:Pathway212	abstraction:NextStepPathway	reactome:Pathway213
reactome:Pathway322	abstraction:NextStepPathway	reactome:Pathway214
reactome:Pathway378	abstraction:NextStepPathway	reactome:Pathway318
reactome:Pathway31	abstraction:NextStepPathway	reactome:Pathway308
reactome:Pathway309	abstraction:NextStepPathway	reactome:Pathway308
reactome:Pathway36	abstraction:NextStepPathway	reactome:Pathway39
reactome:Pathway83	abstraction:NextStepPathway	reactome:Pathway320
reactome:Pathway50	abstraction:NextStepPathway	reactome:Pathway308
reactome:Pathway320	abstraction:NextStepPathway	reactome:Pathway322
reactome:Pathway75	abstraction:NextStepPathway	reactome:Pathway214
reactome:Pathway225	abstraction:NextStepPathway	reactome:Pathway75
reactome:Pathway220	abstraction:NextStepPathway	reactome:Pathway215
reactome:Pathway274	abstraction:NextStepPathway	reactome:Pathway230
reactome:Pathway17	abstraction:NextStepPathway	reactome:Pathway308
reactome:Pathway42	abstraction:NextStepPathway	reactome:Pathway32
reactome:Pathway42	abstraction:NextStepPathway	reactome:Pathway320
reactome:Pathway163	abstraction:NextStepPathway	reactome:Pathway160
reactome:Pathway94	abstraction:NextStepPathway	reactome:Pathway104
reactome:Pathway18	abstraction:NextStepPathway	reactome:Pathway331
reactome:Pathway230	abstraction:NextStepPathway	reactome:Pathway223
reactome:Pathway144	abstraction:NextStepPathway	reactome:Pathway146
reactome:Pathway294	abstraction:NextStepPathway	reactome:Pathway295
reactome:Pathway315	abstraction:NextStepPathway	reactome:Pathway43
reactome:Pathway331	abstraction:NextStepPathway	reactome:Pathway209
reactome:Pathway279	abstraction:NextStepPathway	reactome:Pathway280
reactome:Pathway396	abstraction:NextStepPathway	reactome:Pathway399
reactome:Pathway27	abstraction:NextStepPathway	reactome:Pathway29
reactome:Pathway320	abstraction:NextStepPathway	reactome:Pathway125
reactome:Pathway183	abstraction:NextStepPathway	reactome:Pathway227
reactome:Pathway58	abstraction:NextStepPathway	reactome:Pathway69
reactome:Pathway95	abstraction:NextStepPathway	reactome:Pathway134
reactome:Pathway180	abstraction:NextStepPathway	reactome:Pathway203
reactome:Pathway58	abstraction:NextStepPathway	reactome:Pathway60
reactome:Pathway411	abstraction:NextStepPathway	reactome:Pathway287
reactome:Pathway205	abstraction:NextStepPathway	reactome:Pathway204
reactome:Pathway205	abstraction:NextStepPathway	reactome:Pathway219
reactome:Pathway160	abstraction:NextStepPathway	reactome:Pathway163
reactome:Pathway145	abstraction:NextStepPathway	reactome:Pathway287
reactome:Pathway298	abstraction:NextStepPathway	reactome:Pathway214
reactome:Pathway280	abstraction:NextStepPathway	reactome:Pathway279
reactome:Pathway223	abstraction:NextStepPathway	reactome:Pathway112
reactome:Pathway317	abstraction:NextStepPathway	reactome:Pathway315
reactome:Pathway196	abstraction:NextStepPathway	reactome:Pathway222
reactome:Pathway42	abstraction:NextStepPathway	reactome:Pathway51
reactome:Pathway104	abstraction:NextStepPathway	reactome:Pathway94
reactome:Pathway322	abstraction:NextStepPathway	reactome:Pathway216
reactome:Pathway222	abstraction:NextStepPathway	reactome:Pathway223
reactome:Pathway111	abstraction:NextStepPathway	reactome:Pathway321
reactome:Pathway58	abstraction:NextStepPathway	reactome:Pathway68
reactome:Pathway48	abstraction:NextStepPathway	reactome:Pathway308
reactome:Pathway89	abstraction:NextStepPathway	reactome:Pathway88
reactome:Pathway184	abstraction:NextStepPathway	reactome:Pathway205
reactome:Pathway192	abstraction:NextStepPathway	reactome:Pathway205
reactome:Pathway200	abstraction:NextStepPathway	reactome:Pathway203
reactome:Pathway39	abstraction:NextStepPathway	reactome:Pathway308
reactome:Pathway68	abstraction:NextStepPathway	reactome:Pathway323
reactome:Pathway277	abstraction:NextStepPathway	reactome:Pathway278
reactome:Pathway378	abstraction:NextStepPathway	reactome:Pathway366
reactome:Pathway75	abstraction:NextStepPathway	reactome:Pathway216
reactome:Pathway229	abstraction:NextStepPathway	reactome:Pathway111
reactome:Pathway183	abstraction:NextStepPathway	reactome:Pathway221
reactome:Pathway383	abstraction:NextStepPathway	reactome:Pathway385
reactome:Pathway46	abstraction:NextStepPathway	reactome:Pathway50
reactome:Pathway12	abstraction:NextStepPathway	reactome:Pathway17
reactome:Pathway177	abstraction:NextStepPathway	reactome:Pathway203
reactome:Pathway215	abstraction:NextStepPathway	reactome:Pathway204
reactome:Pathway112	abstraction:NextStepPathway	reactome:Pathway220
reactome:Pathway308	abstraction:NextStepPathway	reactome:Pathway310
reactome:Pathway192	abstraction:NextStepPathway	reactome:Pathway222
reactome:Pathway114	abstraction:NextStepPathway	reactome:Pathway320
reactome:Pathway221	abstraction:NextStepPathway	reactome:Pathway231
reactome:Pathway258	abstraction:NextStepPathway	reactome:Pathway260
reactome:Pathway55	abstraction:NextStepPathway	reactome:Pathway58
reactome:Pathway94	abstraction:NextStepPathway	reactome:Pathway103
reactome:Pathway163	abstraction:NextStepPathway	reactome:Pathway156
reactome:Pathway76	abstraction:NextStepPathway	reactome:Pathway298
reactome:Pathway274	abstraction:NextStepPathway	reactome:Pathway331
reactome:Pathway150	abstraction:NextStepPathway	reactome:Pathway152
reactome:Pathway19	abstraction:NextStepPathway	reactome:Pathway308
reactome:Pathway94	abstraction:NextStepPathway	reactome:Pathway95
reactome:Pathway95	abstraction:NextStepPathway	reactome:Pathway102
reactome:Pathway320	abstraction:NextStepPathway	reactome:Pathway330
reactome:Pathway67	abstraction:NextStepPathway	reactome:Pathway112
reactome:Pathway193	abstraction:NextStepPathway	reactome:Pathway205
reactome:Pathway315	abstraction:NextStepPathway	reactome:Pathway298
reactome:Pathway49	abstraction:NextStepPathway	reactome:Pathway112
reactome:Pathway220	abstraction:NextStepPathway	reactome:Pathway214
reactome:Pathway30	abstraction:NextStepPathway	reactome:Pathway112
reactome:Pathway204	abstraction:NextStepPathway	reactome:Pathway215
reactome:Pathway203	abstraction:NextStepPathway	reactome:Pathway231
reactome:Pathway92	abstraction:NextStepPathway	reactome:Pathway320
reactome:Pathway156	abstraction:NextStepPathway	reactome:Pathway160
reactome:Pathway5	abstraction:NextStepPathway	reactome:Pathway308
reactome:Pathway227	abstraction:NextStepPathway	reactome:Pathway229
reactome:Pathway26	abstraction:NextStepPathway	reactome:Pathway31
reactome:Pathway298	abstraction:NextStepPathway	reactome:Pathway216
reactome:Pathway110	abstraction:NextStepPathway	reactome:Pathway112
reactome:Pathway316	abstraction:NextStepPathway	reactome:Pathway315
reactome:Pathway116	abstraction:NextStepPathway	reactome:Pathway122
reactome:Pathway7	abstraction:NextStepPathway	reactome:Pathway324
reactome:Pathway189	abstraction:NextStepPathway	reactome:Pathway227
reactome:Pathway222	abstraction:NextStepPathway	reactome:Pathway232
reactome:Pathway26	abstraction:NextStepPathway	reactome:Pathway30
reactome:Pathway376	abstraction:NextStepPathway	reactome:Pathway287
reactome:Pathway238	abstraction:NextStepPathway	reactome:Pathway246
reactome:Pathway179	abstraction:NextStepPathway	reactome:Pathway205
reactome:Pathway32	abstraction:NextStepPathway	reactome:Pathway20
reactome:Pathway205	abstraction:NextStepPathway	reactome:Pathway231
reactome:Pathway61	abstraction:NextStepPathway	reactome:Pathway62
reactome:Pathway51	abstraction:NextStepPathway	reactome:Pathway20
reactome:Pathway116	abstraction:NextStepPathway	reactome:Pathway117
reactome:Pathway111	abstraction:NextStepPathway	reactome:Pathway296
reactome:Pathway321	abstraction:NextStepPathway	reactome:Pathway330
reactome:Pathway378	abstraction:NextStepPathway	reactome:Pathway363
reactome:Pathway128	abstraction:NextStepPathway	reactome:Pathway308
reactome:Pathway14	abstraction:NextStepPathway	reactome:Pathway17
reactome:Pathway378	abstraction:NextStepPathway	reactome:Pathway362
reactome:Pathway265	abstraction:NextStepPathway	reactome:Pathway258
reactome:Pathway161	abstraction:NextStepPathway	reactome:Pathway157
reactome:Pathway308	abstraction:NextStepPathway	reactome:Pathway73
reactome:Pathway65	abstraction:NextStepPathway	reactome:Pathway308
reactome:Pathway62	abstraction:NextStepPathway	reactome:Pathway110
reactome:Pathway117	abstraction:NextStepPathway	reactome:Pathway308
reactome:Pathway187	abstraction:NextStepPathway	reactome:Pathway222
reactome:Pathway279	abstraction:NextStepPathway	reactome:Pathway282
reactome:Pathway13	abstraction:NextStepPathway	reactome:Pathway17
reactome:Pathway3	abstraction:NextStepPathway	reactome:Pathway8
reactome:Pathway320	abstraction:NextStepPathway	reactome:Pathway252
reactome:Pathway203	abstraction:NextStepPathway	reactome:Pathway229
reactome:Pathway5	abstraction:NextStepPathway	reactome:Pathway134
reactome:Pathway212	abstraction:NextStepPathway	reactome:Pathway220
reactome:Pathway331	abstraction:NextStepPathway	reactome:Pathway112
reactome:Pathway308	abstraction:NextStepPathway	reactome:Pathway312
reactome:Pathway287	abstraction:NextStepPathway	reactome:Pathway376
reactome:Pathway311	abstraction:NextStepPathway	reactome:Pathway315
reactome:Pathway110	abstraction:NextStepPathway	reactome:Pathway111
reactome:Pathway127	abstraction:NextStepPathway	reactome:Pathway129
reactome:Pathway102	abstraction:NextStepPathway	reactome:Pathway308
reactome:Pathway215	abstraction:NextStepPathway	reactome:Pathway214
reactome:Pathway183	abstraction:NextStepPathway	reactome:Pathway203
reactome:Pathway83	abstraction:NextStepPathway	reactome:Pathway324
reactome:Pathway317	abstraction:NextStepPathway	reactome:Pathway65
reactome:Pathway214	abstraction:NextStepPathway	reactome:Pathway76
reactome:Pathway205	abstraction:NextStepPathway	reactome:Pathway229
reactome:Pathway410	abstraction:NextStepPathway	reactome:Pathway411
reactome:Pathway45	abstraction:NextStepPathway	reactome:Pathway48
reactome:Pathway106	abstraction:NextStepPathway	reactome:Pathway308
reactome:Pathway410	abstraction:NextStepPathway	reactome:Pathway412
reactome:Pathway42	abstraction:NextStepPathway	reactome:Pathway324
reactome:Pathway197	abstraction:NextStepPathway	reactome:Pathway222
reactome:Pathway229	abstraction:NextStepPathway	reactome:Pathway68
reactome:Pathway320	abstraction:NextStepPathway	reactome:Pathway297
reactome:Pathway185	abstraction:NextStepPathway	reactome:Pathway205
reactome:Pathway322	abstraction:NextStepPathway	reactome:Pathway298
reactome:Pathway110	abstraction:NextStepPathway	reactome:Pathway365
reactome:Pathway204	abstraction:NextStepPathway	reactome:Pathway214
reactome:Pathway58	abstraction:NextStepPathway	reactome:Pathway66
reactome:Pathway274	abstraction:NextStepPathway	reactome:Pathway209
reactome:Pathway110	abstraction:NextStepPathway	reactome:Pathway62
reactome:Pathway95	abstraction:NextStepPathway	reactome:Pathway103
reactome:Pathway308	abstraction:NextStepPathway	reactome:Pathway52
reactome:Pathway75	abstraction:NextStepPathway	reactome:Pathway298
reactome:Pathway112	abstraction:NextStepPathway	reactome:Pathway274
reactome:Pathway198	abstraction:NextStepPathway	reactome:Pathway203
reactome:Pathway287	abstraction:NextStepPathway	reactome:Pathway145
reactome:Pathway68	abstraction:NextStepPathway	reactome:Pathway319
reactome:Pathway98	abstraction:NextStepPathway	reactome:Pathway99
reactome:Pathway99	abstraction:NextStepPathway	reactome:Pathway384
reactome:Pathway315	abstraction:NextStepPathway	reactome:Pathway65
reactome:Pathway95	abstraction:NextStepPathway	reactome:Pathway62
reactome:Pathway308	abstraction:NextStepPathway	reactome:Pathway21
reactome:Pathway150	abstraction:NextStepPathway	reactome:Pathway151
reactome:Pathway58	abstraction:NextStepPathway	reactome:Pathway65
reactome:Pathway254	abstraction:NextStepPathway	reactome:Pathway274
reactome:Pathway5	abstraction:NextStepPathway	reactome:Pathway102
reactome:Pathway209	abstraction:NextStepPathway	reactome:Pathway212
reactome:Pathway116	abstraction:NextStepPathway	reactome:Pathway125
reactome:Pathway7	abstraction:NextStepPathway	reactome:Pathway51
reactome:Pathway129	abstraction:NextStepPathway	reactome:Pathway320
reactome:Pathway135	abstraction:NextStepPathway	reactome:Pathway97
reactome:Pathway17	abstraction:NextStepPathway	reactome:Pathway21
reactome:Pathway6	abstraction:NextStepPathway	reactome:Pathway308
reactome:Pathway390	abstraction:InnerNextStepPathway	reactome:Pathway393
reactome:Pathway78	abstraction:InnerNextStepPathway	reactome:Pathway87
reactome:Pathway315	abstraction:InnerNextStepPathway	reactome:Pathway308
reactome:Pathway78	abstraction:InnerNextStepPathway	reactome:Pathway85
reactome:Pathway107	abstraction:InnerNextStepPathway	reactome:Pathway3
reactome:Pathway361	abstraction:InnerNextStepPathway	reactome:Pathway358
reactome:Pathway205	abstraction:InnerNextStepPathway	reactome:Pathway227
reactome:Pathway29	abstraction:InnerNextStepPathway	reactome:Pathway32
reactome:Pathway75	abstraction:InnerNextStepPathway	reactome:Pathway76
reactome:Pathway375	abstraction:InnerNextStepPathway	reactome:Pathway123
reactome:Pathway160	abstraction:InnerNextStepPathway	reactome:Pathway161
reactome:Pathway203	abstraction:InnerNextStepPathway	reactome:Pathway205
reactome:Pathway78	abstraction:InnerNextStepPathway	reactome:Pathway81
reactome:Pathway203	abstraction:InnerNextStepPathway	reactome:Pathway221
reactome:Pathway221	abstraction:InnerNextStepPathway	reactome:Pathway203
reactome:Pathway17	abstraction:InnerNextStepPathway	reactome:Pathway20
reactome:Pathway391	abstraction:InnerNextStepPathway	reactome:Pathway393
reactome:Pathway156	abstraction:InnerNextStepPathway	reactome:Pathway158
reactome:Pathway361	abstraction:InnerNextStepPathway	reactome:Pathway359
reactome:Pathway48	abstraction:InnerNextStepPathway	reactome:Pathway51
reactome:Pathway123	abstraction:InnerNextStepPathway	reactome:Pathway376
reactome:Pathway205	abstraction:InnerNextStepPathway	reactome:Pathway221
reactome:Pathway167	abstraction:InnerNextStepPathway	reactome:Pathway169
reactome:Pathway112	abstraction:InnerNextStepPathway	reactome:Pathway111
reactome:Pathway237	abstraction:InnerNextStepPathway	reactome:Pathway238
reactome:Pathway139	abstraction:InnerNextStepPathway	reactome:Pathway140
reactome:Pathway78	abstraction:InnerNextStepPathway	reactome:Pathway84
reactome:Pathway79	abstraction:InnerNextStepPathway	reactome:Pathway82
reactome:Pathway137	abstraction:InnerNextStepPathway	reactome:Pathway145
reactome:Pathway123	abstraction:InnerNextStepPathway	reactome:Pathway377
reactome:Pathway235	abstraction:InnerNextStepPathway	reactome:Pathway237
reactome:Pathway89	abstraction:InnerNextStepPathway	reactome:Pathway90
reactome:Pathway308	abstraction:InnerNextStepPathway	reactome:Pathway315
reactome:Pathway96	abstraction:InnerNextStepPathway	reactome:Pathway97
reactome:Pathway254	abstraction:InnerNextStepPathway	reactome:Pathway258
reactome:Pathway310	abstraction:InnerNextStepPathway	reactome:Pathway311
reactome:Pathway279	abstraction:InnerNextStepPathway	reactome:Pathway283
reactome:Pathway261	abstraction:InnerNextStepPathway	reactome:Pathway263
reactome:Pathway205	abstraction:InnerNextStepPathway	reactome:Pathway203
reactome:Pathway123	abstraction:InnerNextStepPathway	reactome:Pathway382
reactome:Pathway78	abstraction:InnerNextStepPathway	reactome:Pathway83
reactome:Pathway137	abstraction:InnerNextStepPathway	reactome:Pathway138
reactome:Pathway167	abstraction:InnerNextStepPathway	reactome:Pathway170
reactome:Pathway246	abstraction:InnerNextStepPathway	reactome:Pathway248
reactome:Pathway161	abstraction:InnerNextStepPathway	reactome:Pathway160
reactome:Pathway80	abstraction:InnerNextStepPathway	reactome:Pathway84
reactome:Pathway361	abstraction:InnerNextStepPathway	reactome:Pathway357
reactome:Pathway357	abstraction:InnerNextStepPathway	reactome:Pathway359
reactome:Pathway167	abstraction:InnerNextStepPathway	reactome:Pathway168
reactome:Pathway403	abstraction:InnerNextStepPathway	reactome:Pathway404
reactome:Pathway137	abstraction:InnerNextStepPathway	reactome:Pathway147
reactome:Pathway358	abstraction:InnerNextStepPathway	reactome:Pathway357
reactome:Pathway326	abstraction:InnerNextStepPathway	reactome:Pathway327
reactome:Pathway80	abstraction:InnerNextStepPathway	reactome:Pathway83
reactome:Pathway243	abstraction:InnerNextStepPathway	reactome:Pathway244
reactome:Pathway123	abstraction:InnerNextStepPathway	reactome:Pathway379
reactome:Pathway216	abstraction:InnerNextStepPathway	reactome:Pathway214
reactome:Pathway214	abstraction:InnerNextStepPathway	reactome:Pathway216
reactome:Pathway240	abstraction:InnerNextStepPathway	reactome:Pathway241
reactome:Pathway250	abstraction:InnerNextStepPathway	reactome:Pathway252
reactome:Pathway96	abstraction:InnerNextStepPathway	reactome:Pathway103
reactome:Pathway39	abstraction:InnerNextStepPathway	reactome:Pathway42
reactome:Pathway137	abstraction:InnerNextStepPathway	reactome:Pathway139
reactome:Pathway250	abstraction:InnerNextStepPathway	reactome:Pathway251
reactome:Pathway80	abstraction:InnerNextStepPathway	reactome:Pathway81
reactome:Pathway396	abstraction:InnerNextStepPathway	reactome:Pathway405
reactome:Pathway358	abstraction:InnerNextStepPathway	reactome:Pathway359
reactome:Pathway127	abstraction:InnerNextStepPathway	reactome:Pathway116
reactome:Pathway357	abstraction:InnerNextStepPathway	reactome:Pathway358
reactome:Pathway89	abstraction:InnerNextStepPathway	reactome:Pathway91
reactome:Pathway123	abstraction:InnerNextStepPathway	reactome:Pathway378
reactome:Pathway3	abstraction:InnerNextStepPathway	reactome:Pathway127
reactome:Pathway78	abstraction:InnerNextStepPathway	reactome:Pathway82
reactome:Pathway89	abstraction:InnerNextStepPathway	reactome:Pathway92
reactome:Pathway3	abstraction:InnerNextStepPathway	reactome:Pathway116
reactome:Pathway73	abstraction:InnerNextStepPathway	reactome:Pathway75
reactome:Pathway399	abstraction:InnerNextStepPathway	reactome:Pathway398
reactome:Pathway166	abstraction:InnerNextStepPathway	reactome:Pathway167
reactome:Pathway80	abstraction:InnerNextStepPathway	reactome:Pathway82
reactome:Pathway116	abstraction:InnerNextStepPathway	reactome:Pathway127
reactome:Pathway123	abstraction:InnerNextStepPathway	reactome:Pathway380
reactome:Pathway5	abstraction:InnerNextStepPathway	reactome:Pathway6
reactome:Pathway54	abstraction:InnerNextStepPathway	reactome:Pathway56
reactome:Pathway327	abstraction:InnerNextStepPathway	reactome:Pathway330
reactome:Pathway221	abstraction:InnerNextStepPathway	reactome:Pathway205
