pathway,id
reactome:Pathway2093,R-HSA-75893
reactome:Pathway192,R-HSA-1660510
reactome:Pathway1347,R-HSA-5579014
reactome:Pathway763,R-HSA-456926
reactome:Pathway612,R-HSA-9674555
reactome:Pathway89,R-HSA-5652084
reactome:Pathway1752,R-HSA-5654706
reactome:Pathway1689,R-HSA-9674519
reactome:Pathway1469,R-HSA-5210891
reactome:Pathway334,R-HSA-9859138
reactome:Pathway1897,R-HSA-375281
reactome:Pathway1948,R-HSA-2122947
reactome:Pathway1314,R-HSA-6791055
reactome:Pathway2584,R-HSA-2559584
reactome:Pathway1730,R-HSA-5654693
reactome:Pathway1034,R-HSA-5467337
reactome:Pathway1425,R-HSA-4755583
reactome:Pathway1316,R-HSA-2160456
reactome:Pathway1826,R-HSA-1227986
reactome:Pathway1620,R-HSA-9754678
reactome:Pathway2111,R-HSA-209563
reactome:Pathway945,R-HSA-8868773
reactome:Pathway1954,R-HSA-9017802
reactome:Pathway1775,R-HSA-171007
reactome:Pathway75,R-HSA-6794362
reactome:Pathway1083,R-HSA-9669926
reactome:Pathway1302,R-HSA-5357609
reactome:Pathway248,R-HSA-9025106
reactome:Pathway818,R-HSA-597592
reactome:Pathway825,R-HSA-5358493
reactome:Pathway468,R-HSA-9828211
reactome:Pathway1255,R-HSA-5619049
reactome:Pathway1614,R-HSA-9694322
reactome:Pathway2130,R-HSA-157858
reactome:Pathway690,R-HSA-8854521
reactome:Pathway1652,R-HSA-5602498
reactome:Pathway2392,R-HSA-9843743
reactome:Pathway1856,R-HSA-8875656
reactome:Pathway1006,R-HSA-5674400
reactome:Pathway1784,R-HSA-177504
reactome:Pathway1696,R-HSA-9673218
reactome:Pathway64,R-HSA-1296067
reactome:Pathway1989,R-HSA-5610780
reactome:Pathway174,R-HSA-1482839
reactome:Pathway1504,R-HSA-175567
reactome:Pathway1501,R-HSA-164516
reactome:Pathway2617,R-HSA-9840373
reactome:Pathway1985,R-HSA-5362798
reactome:Pathway676,R-HSA-453274
reactome:Pathway2482,R-HSA-8939243
reactome:Pathway2101,R-HSA-204998
reactome:Pathway127,R-HSA-1855215
reactome:Pathway2698,R-HSA-110373
reactome:Pathway1622,R-HSA-9679191
reactome:Pathway2544,R-HSA-426496
reactome:Pathway915,R-HSA-159236
reactome:Pathway1618,R-HSA-9705677
reactome:Pathway488,R-HSA-937041
reactome:Pathway2382,R-HSA-9824585
reactome:Pathway2398,R-HSA-9748784
reactome:Pathway2559,R-HSA-9772755
reactome:Pathway1861,R-HSA-9851151
reactome:Pathway1901,R-HSA-418038
reactome:Pathway506,R-HSA-168638
reactome:Pathway457,R-HSA-450294
reactome:Pathway2380,R-HSA-9856649
reactome:Pathway1714,R-HSA-162582
reactome:Pathway848,R-HSA-6807878
reactome:Pathway2002,R-HSA-9634638
reactome:Pathway689,R-HSA-8854050
reactome:Pathway1722,R-HSA-190236
reactome:Pathway458,R-HSA-450321
reactome:Pathway426,R-HSA-389513
reactome:Pathway47,R-HSA-9617324
reactome:Pathway158,R-HSA-77350
reactome:Pathway588,R-HSA-6783589
reactome:Pathway210,R-HSA-6807047
reactome:Pathway2146,R-HSA-8854214
reactome:Pathway1499,R-HSA-162585
reactome:Pathway2749,R-HSA-68616
reactome:Pathway1467,R-HSA-5250981
reactome:Pathway2060,R-HSA-195258
reactome:Pathway2412,R-HSA-418990
reactome:Pathway679,R-HSA-69273
reactome:Pathway897,R-HSA-400508
reactome:Pathway715,R-HSA-453276
reactome:Pathway2176,R-HSA-1592389
reactome:Pathway324,R-HSA-8877627
reactome:Pathway2137,R-HSA-190873
reactome:Pathway959,R-HSA-9837092
reactome:Pathway752,R-HSA-418360
reactome:Pathway1874,R-HSA-2473224
reactome:Pathway1020,R-HSA-3304347
reactome:Pathway285,R-HSA-9856872
reactome:Pathway2513,R-HSA-9615017
reactome:Pathway214,R-HSA-194068
reactome:Pathway924,R-HSA-75072
reactome:Pathway992,R-HSA-9665230
reactome:Pathway710,R-HSA-2995383
reactome:Pathway255,R-HSA-422356
reactome:Pathway523,R-HSA-1834941
reactome:Pathway2120,R-HSA-199991
reactome:Pathway546,R-HSA-5621480
reactome:Pathway2141,R-HSA-8856825
reactome:Pathway1108,R-HSA-9702632
reactome:Pathway1464,R-HSA-5250982
reactome:Pathway1116,R-HSA-9702596
reactome:Pathway2468,R-HSA-8869496
reactome:Pathway2052,R-HSA-9035034
reactome:Pathway1835,R-HSA-1358803
reactome:Pathway1118,R-HSA-9700206
reactome:Pathway2534,R-HSA-76066
reactome:Pathway302,R-HSA-73621
reactome:Pathway1537,R-HSA-164952
reactome:Pathway841,R-HSA-532668
reactome:Pathway600,R-HSA-8854691
reactome:Pathway1260,R-HSA-5658208
reactome:Pathway421,R-HSA-388841
reactome:Pathway1312,R-HSA-5659996
reactome:Pathway163,R-HSA-389599
reactome:Pathway2573,R-HSA-1234176
reactome:Pathway853,R-HSA-975578
reactome:Pathway866,R-HSA-3899300
reactome:Pathway2039,R-HSA-8980692
reactome:Pathway2090,R-HSA-380972
reactome:Pathway810,R-HSA-390466
reactome:Pathway1174,R-HSA-9616333
reactome:Pathway1959,R-HSA-9604323
reactome:Pathway358,R-HSA-6783984
reactome:Pathway2366,R-HSA-186712
reactome:Pathway1439,R-HSA-9734281
reactome:Pathway1300,R-HSA-3274531
reactome:Pathway33,R-HSA-416993
reactome:Pathway131,R-HSA-556833
reactome:Pathway2274,R-HSA-111469
reactome:Pathway415,R-HSA-1280218
reactome:Pathway1515,R-HSA-167200
reactome:Pathway1037,R-HSA-5467340
reactome:Pathway2289,R-HSA-5675482
reactome:Pathway720,R-HSA-176814
reactome:Pathway2298,R-HSA-9820865
reactome:Pathway2362,R-HSA-9830369
reactome:Pathway460,R-HSA-5684264
reactome:Pathway1983,R-HSA-5358351
reactome:Pathway2694,R-HSA-110357
reactome:Pathway1274,R-HSA-5619089
reactome:Pathway1925,R-HSA-163615
reactome:Pathway1636,R-HSA-9664417
reactome:Pathway203,R-HSA-1660661
reactome:Pathway2134,R-HSA-190704
reactome:Pathway2514,R-HSA-9634815
reactome:Pathway2076,R-HSA-9013419
reactome:Pathway718,R-HSA-176417
reactome:Pathway2413,R-HSA-420597
reactome:Pathway1586,R-HSA-9683686
reactome:Pathway352,R-HSA-5263617
reactome:Pathway121,R-HSA-1855191
reactome:Pathway97,R-HSA-2142845
reactome:Pathway519,R-HSA-1834949
reactome:Pathway2627,R-HSA-5205647
reactome:Pathway1454,R-HSA-9915355
reactome:Pathway262,R-HSA-163359
reactome:Pathway381,R-HSA-211981
reactome:Pathway440,R-HSA-1236973
reactome:Pathway1919,R-HSA-112043
reactome:Pathway1110,R-HSA-9702600
reactome:Pathway2015,R-HSA-5674135
reactome:Pathway193,R-HSA-1660499
reactome:Pathway1944,R-HSA-1912399
reactome:Pathway179,R-HSA-1483115
reactome:Pathway691,R-HSA-68886
reactome:Pathway961,R-HSA-5663202
reactome:Pathway2188,R-HSA-425986
reactome:Pathway151,R-HSA-77289
reactome:Pathway1237,R-HSA-5619108
reactome:Pathway398,R-HSA-156584
reactome:Pathway721,R-HSA-176412
reactome:Pathway1044,R-HSA-5358749
reactome:Pathway344,R-HSA-71240
reactome:Pathway1604,R-HSA-9694686
reactome:Pathway900,R-HSA-209952
reactome:Pathway2457,R-HSA-6804757
reactome:Pathway30,R-HSA-629594
reactome:Pathway2224,R-HSA-2672351
reactome:Pathway24,R-HSA-112314
reactome:Pathway2123,R-HSA-6811438
reactome:Pathway170,R-HSA-1483206
reactome:Pathway484,R-HSA-166166
reactome:Pathway2285,R-HSA-211733
reactome:Pathway749,R-HSA-392851
reactome:Pathway2067,R-HSA-5626467
reactome:Pathway1724,R-HSA-190242
reactome:Pathway2526,R-HSA-113418
reactome:Pathway202,R-HSA-428157
reactome:Pathway136,R-HSA-75105
reactome:Pathway2678,R-HSA-5620922
reactome:Pathway2664,R-HSA-9827857
reactome:Pathway2,R-HSA-112307
reactome:Pathway43,R-HSA-442720
reactome:Pathway1063,R-HSA-6802946
reactome:Pathway2339,R-HSA-428543
reactome:Pathway445,R-HSA-198933
reactome:Pathway2610,R-HSA-381183
reactome:Pathway1615,R-HSA-9733458
reactome:Pathway140,R-HSA-2142691
reactome:Pathway1645,R-HSA-9664323
reactome:Pathway1619,R-HSA-9754560
reactome:Pathway2319,R-HSA-422475
reactome:Pathway2036,R-HSA-9716542
reactome:Pathway1534,R-HSA-180689
reactome:Pathway1923,R-HSA-111933
reactome:Pathway539,R-HSA-2871837
reactome:Pathway2705,R-HSA-110320
reactome:Pathway824,R-HSA-204626
reactome:Pathway1677,R-HSA-9005895
reactome:Pathway964,R-HSA-1236382
reactome:Pathway1543,R-HSA-182218
reactome:Pathway2013,R-HSA-9648002
reactome:Pathway1600,R-HSA-9694676
reactome:Pathway2220,R-HSA-917937
reactome:Pathway111,R-HSA-2024101
reactome:Pathway536,R-HSA-2454202
reactome:Pathway2543,R-HSA-426486
reactome:Pathway1588,R-HSA-9683683
reactome:Pathway806,R-HSA-5368286
reactome:Pathway932,R-HSA-450385
reactome:Pathway1048,R-HSA-5339717
reactome:Pathway2259,R-HSA-114452
reactome:Pathway2750,R-HSA-68689
reactome:Pathway2402,R-HSA-2161522
reactome:Pathway148,R-HSA-2046106
reactome:Pathway2003,R-HSA-9024446
reactome:Pathway2106,R-HSA-193639
reactome:Pathway2088,R-HSA-165181
reactome:Pathway238,R-HSA-9018677
reactome:Pathway978,R-HSA-2033519
reactome:Pathway132,R-HSA-400206
reactome:Pathway1231,R-HSA-5619077
reactome:Pathway319,R-HSA-196757
reactome:Pathway568,R-HSA-9833482
reactome:Pathway1229,R-HSA-5619066
reactome:Pathway2098,R-HSA-75158
reactome:Pathway576,R-HSA-9014826
reactome:Pathway1074,R-HSA-9669935
reactome:Pathway2697,R-HSA-5649702
reactome:Pathway254,R-HSA-163685
reactome:Pathway438,R-HSA-983170
reactome:Pathway800,R-HSA-156827
reactome:Pathway1361,R-HSA-5579020
reactome:Pathway1629,R-HSA-9828806
reactome:Pathway2501,R-HSA-8986944
reactome:Pathway1649,R-HSA-5602358
reactome:Pathway499,R-HSA-2855086
reactome:Pathway1051,R-HSA-5340573
reactome:Pathway1225,R-HSA-5619067
reactome:Pathway1830,R-HSA-1251932
reactome:Pathway1463,R-HSA-5250992
reactome:Pathway1787,R-HSA-9006115
reactome:Pathway1186,R-HSA-9701190
reactome:Pathway2586,R-HSA-3371497
reactome:Pathway868,R-HSA-4551638
reactome:Pathway2498,R-HSA-8951936
reactome:Pathway295,R-HSA-499943
reactome:Pathway770,R-HSA-114508
reactome:Pathway504,R-HSA-977606
reactome:Pathway1764,R-HSA-5654720
reactome:Pathway2264,R-HSA-139910
reactome:Pathway149,R-HSA-2046105
reactome:Pathway1355,R-HSA-5579022
reactome:Pathway1143,R-HSA-9630747
reactome:Pathway1039,R-HSA-5467343
reactome:Pathway2256,R-HSA-418889
reactome:Pathway1093,R-HSA-9674396
reactome:Pathway2652,R-HSA-397014
reactome:Pathway1429,R-HSA-4717374
reactome:Pathway1111,R-HSA-9703009
reactome:Pathway260,R-HSA-434313
reactome:Pathway1169,R-HSA-9605308
reactome:Pathway2539,R-HSA-163282
reactome:Pathway2499,R-HSA-8952158
reactome:Pathway1735,R-HSA-1295596
reactome:Pathway1638,R-HSA-9664420
reactome:Pathway1261,R-HSA-5619096
reactome:Pathway401,R-HSA-156590
reactome:Pathway1601,R-HSA-9694301
reactome:Pathway1214,R-HSA-5619060
reactome:Pathway1434,R-HSA-9735804
reactome:Pathway2607,R-HSA-9639288
reactome:Pathway345,R-HSA-1614635
reactome:Pathway1718,R-HSA-179812
reactome:Pathway186,R-HSA-1483076
reactome:Pathway828,R-HSA-163125
reactome:Pathway1870,R-HSA-2173796
reactome:Pathway320,R-HSA-947581
reactome:Pathway392,R-HSA-141334
reactome:Pathway2031,R-HSA-8943723
reactome:Pathway2635,R-HSA-9709957
reactome:Pathway816,R-HSA-6814122
reactome:Pathway1332,R-HSA-3371598
reactome:Pathway2324,R-HSA-399955
reactome:Pathway77,R-HSA-388844
reactome:Pathway1232,R-HSA-5619055
reactome:Pathway230,R-HSA-74182
reactome:Pathway2175,R-HSA-1474228
reactome:Pathway2425,R-HSA-446343
reactome:Pathway1360,R-HSA-5579024
reactome:Pathway1013,R-HSA-2644602
reactome:Pathway913,R-HSA-72187
reactome:Pathway1777,R-HSA-169893
reactome:Pathway837,R-HSA-446205
reactome:Pathway1801,R-HSA-9034864
reactome:Pathway2191,R-HSA-427652
reactome:Pathway734,R-HSA-157579
reactome:Pathway1183,R-HSA-9663199
reactome:Pathway589,R-HSA-1059683
reactome:Pathway1153,R-HSA-9693928
reactome:Pathway2707,R-HSA-5656121
reactome:Pathway1519,R-HSA-167290
reactome:Pathway2549,R-HSA-212300
reactome:Pathway1279,R-HSA-5619110
reactome:Pathway2131,R-HSA-190828
reactome:Pathway2439,R-HSA-350054
reactome:Pathway2655,R-HSA-5576891
reactome:Pathway656,R-HSA-68962
reactome:Pathway128,R-HSA-1855156
reactome:Pathway1546,R-HSA-168275
reactome:Pathway2642,R-HSA-2485179
reactome:Pathway44,R-HSA-442729
reactome:Pathway843,R-HSA-901032
reactome:Pathway1069,R-HSA-9660537
reactome:Pathway1134,R-HSA-9661070
reactome:Pathway954,R-HSA-6785470
reactome:Pathway199,R-HSA-1660508
reactome:Pathway2434,R-HSA-73762
reactome:Pathway2331,R-HSA-418885
reactome:Pathway1402,R-HSA-4724325
reactome:Pathway1032,R-HSA-4839744
reactome:Pathway145,R-HSA-2142816
reactome:Pathway2660,R-HSA-5576890
reactome:Pathway2528,R-HSA-73856
reactome:Pathway766,R-HSA-354192
reactome:Pathway857,R-HSA-913709
reactome:Pathway476,R-HSA-975144
reactome:Pathway1421,R-HSA-5609978
reactome:Pathway587,R-HSA-6785807
reactome:Pathway435,R-HSA-5690714
reactome:Pathway272,R-HSA-203641
reactome:Pathway1746,R-HSA-5654727
reactome:Pathway2270,R-HSA-111461
reactome:Pathway1918,R-HSA-112040
reactome:Pathway101,R-HSA-1638074
reactome:Pathway1139,R-HSA-9670621
reactome:Pathway712,R-HSA-9668328
reactome:Pathway1106,R-HSA-9702614
reactome:Pathway1220,R-HSA-5619087
reactome:Pathway515,R-HSA-933543
reactome:Pathway1310,R-HSA-6791465
reactome:Pathway2355,R-HSA-3928665
reactome:Pathway1742,R-HSA-5654700
reactome:Pathway967,R-HSA-5638302
reactome:Pathway1545,R-HSA-168255
reactome:Pathway314,R-HSA-9758890
reactome:Pathway2690,R-HSA-110329
reactome:Pathway423,R-HSA-389357
reactome:Pathway1207,R-HSA-5684045
reactome:Pathway516,R-HSA-933541
reactome:Pathway1776,R-HSA-187706
reactome:Pathway1123,R-HSA-9717326
reactome:Pathway709,R-HSA-2995410
reactome:Pathway1313,R-HSA-6791462
reactome:Pathway950,R-HSA-72306
reactome:Pathway475,R-HSA-975138
reactome:Pathway2536,R-HSA-73780
reactome:Pathway771,R-HSA-426048
reactome:Pathway1768,R-HSA-167060
reactome:Pathway787,R-HSA-72766
reactome:Pathway693,R-HSA-162658
reactome:Pathway1804,R-HSA-74752
reactome:Pathway1374,R-HSA-3781865
reactome:Pathway2519,R-HSA-674695
reactome:Pathway831,R-HSA-162791
reactome:Pathway941,R-HSA-927802
reactome:Pathway1264,R-HSA-5619094
reactome:Pathway2507,R-HSA-8953750
reactome:Pathway786,R-HSA-392499
reactome:Pathway2440,R-HSA-383280
reactome:Pathway1268,R-HSA-5659735
reactome:Pathway322,R-HSA-6806664
reactome:Pathway317,R-HSA-196807
reactome:Pathway2213,R-HSA-727802
reactome:Pathway809,R-HSA-391251
reactome:Pathway1217,R-HSA-5619042
reactome:Pathway706,R-HSA-68881
reactome:Pathway2493,R-HSA-8941856
reactome:Pathway1270,R-HSA-5619101
reactome:Pathway633,R-HSA-69481
reactome:Pathway905,R-HSA-977225
reactome:Pathway1527,R-HSA-162588
reactome:Pathway283,R-HSA-9865881
reactome:Pathway1489,R-HSA-1222541
reactome:Pathway2212,R-HSA-83936
reactome:Pathway159,R-HSA-77352
reactome:Pathway1480,R-HSA-9636383
reactome:Pathway1195,R-HSA-5619084
reactome:Pathway67,R-HSA-1296072
reactome:Pathway664,R-HSA-69052
reactome:Pathway665,R-HSA-68949
reactome:Pathway2269,R-HSA-111457
reactome:Pathway1098,R-HSA-9703648
reactome:Pathway2186,R-HSA-425381
reactome:Pathway1321,R-HSA-3359463
reactome:Pathway669,R-HSA-69109
reactome:Pathway326,R-HSA-2142789
reactome:Pathway937,R-HSA-429914
reactome:Pathway1743,R-HSA-5654221
reactome:Pathway2221,R-HSA-917977
reactome:Pathway1833,R-HSA-8847993
reactome:Pathway129,R-HSA-1855192
reactome:Pathway1958,R-HSA-9013695
reactome:Pathway2356,R-HSA-8853659
reactome:Pathway2453,R-HSA-6796648
reactome:Pathway2080,R-HSA-8849474
reactome:Pathway1592,R-HSA-9692913
reactome:Pathway2218,R-HSA-432040
reactome:Pathway1244,R-HSA-5619040
reactome:Pathway1359,R-HSA-5579012
reactome:Pathway1517,R-HSA-167287
reactome:Pathway2190,R-HSA-427601
reactome:Pathway2521,R-HSA-76042
reactome:Pathway2195,R-HSA-428559
reactome:Pathway54,R-HSA-977444
reactome:Pathway1520,R-HSA-167243
reactome:Pathway1164,R-HSA-5545483
reactome:Pathway2029,R-HSA-6807070
reactome:Pathway840,R-HSA-6787639
reactome:Pathway1613,R-HSA-9727281
reactome:Pathway1462,R-HSA-5250958
reactome:Pathway298,R-HSA-73614
reactome:Pathway2659,R-HSA-5576893
reactome:Pathway2323,R-HSA-416572
reactome:Pathway1284,R-HSA-5663084
reactome:Pathway728,R-HSA-176407
reactome:Pathway470,R-HSA-9013957
reactome:Pathway2089,R-HSA-166208
reactome:Pathway1999,R-HSA-9018519
reactome:Pathway2646,R-HSA-9662361
reactome:Pathway2149,R-HSA-3000480
reactome:Pathway2644,R-HSA-9659379
reactome:Pathway1915,R-HSA-418594
reactome:Pathway1914,R-HSA-9634597
reactome:Pathway928,R-HSA-77042
reactome:Pathway2204,R-HSA-435368
reactome:Pathway1459,R-HSA-5339562
reactome:Pathway356,R-HSA-2408557
reactome:Pathway1306,R-HSA-3282872
reactome:Pathway1641,R-HSA-9660826
reactome:Pathway813,R-HSA-389960
reactome:Pathway2112,R-HSA-193634
reactome:Pathway1607,R-HSA-9694635
reactome:Pathway1451,R-HSA-9914355
reactome:Pathway1929,R-HSA-180024
reactome:Pathway1202,R-HSA-5682294
reactome:Pathway578,R-HSA-9007892
reactome:Pathway372,R-HSA-209931
reactome:Pathway976,R-HSA-5655253
reactome:Pathway176,R-HSA-1483191
reactome:Pathway58,R-HSA-1296071
reactome:Pathway898,R-HSA-381771
reactome:Pathway2517,R-HSA-9768778
reactome:Pathway672,R-HSA-69183
reactome:Pathway258,R-HSA-400451
reactome:Pathway874,R-HSA-4655427
reactome:Pathway891,R-HSA-8957275
reactome:Pathway1875,R-HSA-9839373
reactome:Pathway337,R-HSA-9858328
reactome:Pathway1420,R-HSA-5609977
reactome:Pathway212,R-HSA-1655829
reactome:Pathway301,R-HSA-2393930
reactome:Pathway651,R-HSA-69206
reactome:Pathway2162,R-HSA-1650814
reactome:Pathway2198,R-HSA-425366
reactome:Pathway1239,R-HSA-5619043
reactome:Pathway2557,R-HSA-5334118
reactome:Pathway395,R-HSA-156580
reactome:Pathway1886,R-HSA-380095
reactome:Pathway1461,R-HSA-5250968
reactome:Pathway680,R-HSA-170145
reactome:Pathway1198,R-HSA-5683371
reactome:Pathway1404,R-HSA-4793954
reactome:Pathway2527,R-HSA-112382
reactome:Pathway805,R-HSA-5368287
reactome:Pathway1450,R-HSA-9912481
reactome:Pathway975,R-HSA-8853336
reactome:Pathway804,R-HSA-72764
reactome:Pathway784,R-HSA-983231
reactome:Pathway1087,R-HSA-9673767
reactome:Pathway684,R-HSA-380270
reactome:Pathway2030,R-HSA-8943724
reactome:Pathway221,R-HSA-196108
reactome:Pathway160,R-HSA-77288
reactome:Pathway92,R-HSA-5653890
reactome:Pathway263,R-HSA-164378
reactome:Pathway1820,R-HSA-4420097
reactome:Pathway2495,R-HSA-8951430
reactome:Pathway2231,R-HSA-8949664
reactome:Pathway675,R-HSA-2468052
reactome:Pathway347,R-HSA-1614603
reactome:Pathway1025,R-HSA-3642278
reactome:Pathway1581,R-HSA-9679514
reactome:Pathway2094,R-HSA-5357956
reactome:Pathway947,R-HSA-6790901
reactome:Pathway1423,R-HSA-4755609
reactome:Pathway1986,R-HSA-5610787
reactome:Pathway1010,R-HSA-2660826
reactome:Pathway1154,R-HSA-9686347
reactome:Pathway876,R-HSA-9793242
reactome:Pathway1963,R-HSA-196299
reactome:Pathway2640,R-HSA-2187335
reactome:Pathway1823,R-HSA-194306
reactome:Pathway271,R-HSA-203754
reactome:Pathway1392,R-HSA-5633231
reactome:Pathway2135,R-HSA-190872
reactome:Pathway799,R-HSA-72731
reactome:Pathway1468,R-HSA-5250989
reactome:Pathway1998,R-HSA-8939211
reactome:Pathway251,R-HSA-9026290
reactome:Pathway1970,R-HSA-3769402
reactome:Pathway2467,R-HSA-8866911
reactome:Pathway471,R-HSA-9014325
reactome:Pathway580,R-HSA-9020558
reactome:Pathway2109,R-HSA-193681
reactome:Pathway1386,R-HSA-3656234
reactome:Pathway2509,R-HSA-9614399
reactome:Pathway2581,R-HSA-2559585
reactome:Pathway1633,R-HSA-9824443
reactome:Pathway817,R-HSA-389977
reactome:Pathway1097,R-HSA-9682385
reactome:Pathway161,R-HSA-71032
reactome:Pathway1942,R-HSA-1912408
reactome:Pathway2337,R-HSA-428542
reactome:Pathway1023,R-HSA-3304356
reactome:Pathway2138,R-HSA-196025
reactome:Pathway278,R-HSA-71403
reactome:Pathway1367,R-HSA-5687583
reactome:Pathway382,R-HSA-211957
reactome:Pathway25,R-HSA-181431
reactome:Pathway714,R-HSA-2470946
reactome:Pathway225,R-HSA-193144
reactome:Pathway500,R-HSA-173623
reactome:Pathway1750,R-HSA-190372
reactome:Pathway63,R-HSA-1296041
reactome:Pathway1193,R-HSA-9704646
reactome:Pathway42,R-HSA-444257
reactome:Pathway971,R-HSA-1839124
reactome:Pathway1241,R-HSA-5619098
reactome:Pathway1744,R-HSA-5654699
reactome:Pathway946,R-HSA-6791226
reactome:Pathway288,R-HSA-167826
reactome:Pathway1572,R-HSA-9609646
reactome:Pathway542,R-HSA-5607764
reactome:Pathway1747,R-HSA-5654741
reactome:Pathway1563,R-HSA-168330
reactome:Pathway1095,R-HSA-9674403
reactome:Pathway233,R-HSA-9018678
reactome:Pathway2219,R-HSA-432030
reactome:Pathway1354,R-HSA-5578999
reactome:Pathway2701,R-HSA-73893
reactome:Pathway1366,R-HSA-5687613
reactome:Pathway2406,R-HSA-9755088
reactome:Pathway243,R-HSA-9027307
reactome:Pathway1348,R-HSA-5579027
reactome:Pathway9,R-HSA-210500
reactome:Pathway1706,R-HSA-9845620
reactome:Pathway96,R-HSA-1630316
reactome:Pathway256,R-HSA-400042
reactome:Pathway2234,R-HSA-8963888
reactome:Pathway988,R-HSA-1839128
reactome:Pathway331,R-HSA-8964539
reactome:Pathway1216,R-HSA-5619056
reactome:Pathway139,R-HSA-2162123
reactome:Pathway1965,R-HSA-201681
reactome:Pathway2201,R-HSA-433692
reactome:Pathway906,R-HSA-9837999
reactome:Pathway315,R-HSA-9759218
reactome:Pathway177,R-HSA-1483196
reactome:Pathway606,R-HSA-5676590
reactome:Pathway1206,R-HSA-5683177
reactome:Pathway885,R-HSA-8866654
reactome:Pathway1371,R-HSA-5688399
reactome:Pathway563,R-HSA-877312
reactome:Pathway1857,R-HSA-6807004
reactome:Pathway15,R-HSA-916853
reactome:Pathway1843,R-HSA-2428924
reactome:Pathway1372,R-HSA-5688890
reactome:Pathway147,R-HSA-2046104
reactome:Pathway2062,R-HSA-5627123
reactome:Pathway1816,R-HSA-186763
reactome:Pathway178,R-HSA-1482788
reactome:Pathway1754,R-HSA-5654704
reactome:Pathway1699,R-HSA-9673240
reactome:Pathway2044,R-HSA-9013423
reactome:Pathway603,R-HSA-1170546
reactome:Pathway1438,R-HSA-9734195
reactome:Pathway22,R-HSA-112313
reactome:Pathway441,R-HSA-1236974
reactome:Pathway114,R-HSA-9033658
reactome:Pathway1040,R-HSA-5467348
reactome:Pathway583,R-HSA-9020958
reactome:Pathway2202,R-HSA-425410
reactome:Pathway2265,R-HSA-111453
reactome:Pathway902,R-HSA-381426
reactome:Pathway1751,R-HSA-5654708
reactome:Pathway808,R-HSA-5419276
reactome:Pathway143,R-HSA-2142712
reactome:Pathway2461,R-HSA-6804758
reactome:Pathway883,R-HSA-8852135
reactome:Pathway1163,R-HSA-5423599
reactome:Pathway2064,R-HSA-5625886
reactome:Pathway1547,R-HSA-168270
reactome:Pathway1045,R-HSA-5358747
reactome:Pathway641,R-HSA-141405
reactome:Pathway1038,R-HSA-4839748
reactome:Pathway1042,R-HSA-5358751
reactome:Pathway2723,R-HSA-5693579
reactome:Pathway2396,R-HSA-1368082
reactome:Pathway340,R-HSA-8963684
reactome:Pathway1060,R-HSA-9649948
reactome:Pathway169,R-HSA-1483257
reactome:Pathway1432,R-HSA-4085011
reactome:Pathway2555,R-HSA-427359
reactome:Pathway2547,R-HSA-9708296
reactome:Pathway2638,R-HSA-2187338
reactome:Pathway1964,R-HSA-4641265
reactome:Pathway2677,R-HSA-5620916
reactome:Pathway993,R-HSA-9665233
reactome:Pathway1492,R-HSA-9637698
reactome:Pathway489,R-HSA-2562578
reactome:Pathway552,R-HSA-6799990
reactome:Pathway2023,R-HSA-9006925
reactome:Pathway1544,R-HSA-180534
reactome:Pathway112,R-HSA-5661270
reactome:Pathway418,R-HSA-202430
reactome:Pathway2361,R-HSA-9733709
reactome:Pathway2217,R-HSA-432047
reactome:Pathway990,R-HSA-9634285
reactome:Pathway1877,R-HSA-9839383
reactome:Pathway211,R-HSA-6807062
reactome:Pathway377,R-HSA-211945
reactome:Pathway446,R-HSA-392517
reactome:Pathway1080,R-HSA-9669934
reactome:Pathway2223,R-HSA-936837
reactome:Pathway2594,R-HSA-9818035
reactome:Pathway190,R-HSA-1483248
reactome:Pathway812,R-HSA-389957
reactome:Pathway2115,R-HSA-9027283
reactome:Pathway607,R-HSA-5669034
reactome:Pathway348,R-HSA-1614558
reactome:Pathway2000,R-HSA-9009391
reactome:Pathway411,R-HSA-1475029
reactome:Pathway2105,R-HSA-193670
reactome:Pathway1472,R-HSA-8876384
reactome:Pathway2681,R-HSA-5620924
reactome:Pathway1846,R-HSA-6806834
reactome:Pathway1702,R-HSA-9845622
reactome:Pathway2571,R-HSA-2262752
reactome:Pathway1603,R-HSA-9694682
reactome:Pathway1061,R-HSA-6802953
reactome:Pathway461,R-HSA-450282
reactome:Pathway1721,R-HSA-182971
reactome:Pathway871,R-HSA-4090294
reactome:Pathway683,R-HSA-380287
reactome:Pathway330,R-HSA-8963693
reactome:Pathway811,R-HSA-389958
reactome:Pathway2728,R-HSA-5685938
reactome:Pathway1160,R-HSA-9723907
reactome:Pathway1813,R-HSA-74749
reactome:Pathway123,R-HSA-1855167
reactome:Pathway2099,R-HSA-193704
reactome:Pathway1917,R-HSA-202040
reactome:Pathway2502,R-HSA-9022692
reactome:Pathway1685,R-HSA-9657689
reactome:Pathway2287,R-HSA-5218859
reactome:Pathway239,R-HSA-9018676
reactome:Pathway2037,R-HSA-194315
reactome:Pathway1550,R-HSA-168271
reactome:Pathway1673,R-HSA-2466712
reactome:Pathway1748,R-HSA-190239
reactome:Pathway1285,R-HSA-2206281
reactome:Pathway1233,R-HSA-5619036
reactome:Pathway2650,R-HSA-9729555
reactome:Pathway93,R-HSA-70370
reactome:Pathway2211,R-HSA-425397
reactome:Pathway2242,R-HSA-8964043
reactome:Pathway2395,R-HSA-1368108
reactome:Pathway2284,R-HSA-169911
reactome:Pathway1741,R-HSA-5654696
reactome:Pathway1539,R-HSA-164938
reactome:Pathway424,R-HSA-389359
reactome:Pathway532,R-HSA-2029482
reactome:Pathway1650,R-HSA-5603041
reactome:Pathway756,R-HSA-75892
reactome:Pathway1131,R-HSA-9675126
reactome:Pathway1331,R-HSA-3371599
reactome:Pathway1687,R-HSA-9662001
reactome:Pathway1690,R-HSA-9672393
reactome:Pathway2325,R-HSA-399954
reactome:Pathway877,R-HSA-5688426
reactome:Pathway2341,R-HSA-428890
reactome:Pathway1910,R-HSA-420092
reactome:Pathway1554,R-HSA-192869
reactome:Pathway1140,R-HSA-9670615
reactome:Pathway2375,R-HSA-9616222
reactome:Pathway466,R-HSA-168164
reactome:Pathway1628,R-HSA-9828721
reactome:Pathway624,R-HSA-69580
reactome:Pathway1107,R-HSA-9702624
reactome:Pathway1692,R-HSA-9672391
reactome:Pathway1018,R-HSA-2644607
reactome:Pathway887,R-HSA-8873719
reactome:Pathway1333,R-HSA-5579029
reactome:Pathway2042,R-HSA-9013149
reactome:Pathway670,R-HSA-69091
reactome:Pathway925,R-HSA-72200
reactome:Pathway1672,R-HSA-9918438
reactome:Pathway1621,R-HSA-9755779
reactome:Pathway762,R-HSA-428930
reactome:Pathway1430,R-HSA-4719377
reactome:Pathway660,R-HSA-69242
reactome:Pathway2314,R-HSA-1181150
reactome:Pathway707,R-HSA-68882
reactome:Pathway444,R-HSA-2132295
reactome:Pathway2716,R-HSA-5693606
reactome:Pathway2163,R-HSA-8948216
reactome:Pathway592,R-HSA-6783783
reactome:Pathway2577,R-HSA-3371571
reactome:Pathway2589,R-HSA-9711123
reactome:Pathway2485,R-HSA-8941326
reactome:Pathway241,R-HSA-9018681
reactome:Pathway81,R-HSA-8982491
reactome:Pathway2608,R-HSA-381119
reactome:Pathway2743,R-HSA-5358606
reactome:Pathway2235,R-HSA-8866423
reactome:Pathway1836,R-HSA-9652282
reactome:Pathway2456,R-HSA-6804754
reactome:Pathway297,R-HSA-74217
reactome:Pathway1637,R-HSA-9664422
reactome:Pathway1529,R-HSA-176033
reactome:Pathway1488,R-HSA-1222387
reactome:Pathway790,R-HSA-379726
reactome:Pathway973,R-HSA-1839122
reactome:Pathway492,R-HSA-168179
reactome:Pathway65,R-HSA-1296025
reactome:Pathway996,R-HSA-9665247
reactome:Pathway1969,R-HSA-4411364
reactome:Pathway1872,R-HSA-201451
reactome:Pathway268,R-HSA-163765
reactome:Pathway2552,R-HSA-5250924
reactome:Pathway1428,R-HSA-4043911
reactome:Pathway2574,R-HSA-1234158
reactome:Pathway73,R-HSA-1299344
reactome:Pathway1866,R-HSA-2173789
reactome:Pathway226,R-HSA-196791
reactome:Pathway2348,R-HSA-447041
reactome:Pathway184,R-HSA-1483148
reactome:Pathway1076,R-HSA-9670439
reactome:Pathway1046,R-HSA-5339716
reactome:Pathway166,R-HSA-8979227
reactome:Pathway1448,R-HSA-9907570
reactome:Pathway1528,R-HSA-162909
reactome:Pathway1583,R-HSA-9682708
reactome:Pathway2351,R-HSA-2682334
reactome:Pathway2170,R-HSA-3000157
reactome:Pathway455,R-HSA-445989
reactome:Pathway2479,R-HSA-8939256
reactome:Pathway359,R-HSA-70635
reactome:Pathway2490,R-HSA-8878159
reactome:Pathway2444,R-HSA-5633008
reactome:Pathway884,R-HSA-8866652
reactome:Pathway686,R-HSA-380259
reactome:Pathway1142,R-HSA-9675132
reactome:Pathway1092,R-HSA-9674415
reactome:Pathway629,R-HSA-69895
reactome:Pathway2668,R-HSA-1300645
reactome:Pathway86,R-HSA-70171
reactome:Pathway10,R-HSA-212676
reactome:Pathway935,R-HSA-450520
reactome:Pathway1152,R-HSA-9645723
reactome:Pathway750,R-HSA-392154
reactome:Pathway1556,R-HSA-192823
reactome:Pathway2720,R-HSA-5693567
reactome:Pathway453,R-HSA-937039
reactome:Pathway2322,R-HSA-416550
reactome:Pathway249,R-HSA-9025094
reactome:Pathway2411,R-HSA-421270
reactome:Pathway220,R-HSA-196071
reactome:Pathway1295,R-HSA-2206292
reactome:Pathway559,R-HSA-913531
reactome:Pathway1479,R-HSA-9637687
reactome:Pathway2420,R-HSA-9833576
reactome:Pathway1305,R-HSA-3785653
reactome:Pathway400,R-HSA-156581
reactome:Pathway1012,R-HSA-2691232
reactome:Pathway1794,R-HSA-9028731
reactome:Pathway1377,R-HSA-3560783
reactome:Pathway1709,R-HSA-192456
reactome:Pathway2683,R-HSA-73884
reactome:Pathway1362,R-HSA-5578995
reactome:Pathway2290,R-HSA-5218900
reactome:Pathway2478,R-HSA-8931987
reactome:Pathway2291,R-HSA-5620971
reactome:Pathway560,R-HSA-909733
reactome:Pathway2663,R-HSA-1474165
reactome:Pathway2367,R-HSA-210747
reactome:Pathway1192,R-HSA-9704331
reactome:Pathway512,R-HSA-879415
reactome:Pathway1888,R-HSA-389397
reactome:Pathway1389,R-HSA-4420332
reactome:Pathway1189,R-HSA-9709570
reactome:Pathway2363,R-HSA-9830364
reactome:Pathway659,R-HSA-113507
reactome:Pathway2666,R-HSA-1300642
reactome:Pathway2282,R-HSA-140342
reactome:Pathway1719,R-HSA-180336
reactome:Pathway2286,R-HSA-211728
reactome:Pathway2370,R-HSA-210745
reactome:Pathway781,R-HSA-210993
reactome:Pathway1661,R-HSA-9824856
reactome:Pathway940,R-HSA-430039
reactome:Pathway2700,R-HSA-5651801
reactome:Pathway648,R-HSA-69236
reactome:Pathway2414,R-HSA-9759476
reactome:Pathway1831,R-HSA-1306955
reactome:Pathway490,R-HSA-937072
reactome:Pathway2086,R-HSA-8849472
reactome:Pathway1812,R-HSA-112412
reactome:Pathway2293,R-HSA-9816359
reactome:Pathway1211,R-HSA-5619102
reactome:Pathway1161,R-HSA-9723905
reactome:Pathway1221,R-HSA-5619039
reactome:Pathway549,R-HSA-1461973
reactome:Pathway59,R-HSA-1296052
reactome:Pathway561,R-HSA-912694
reactome:Pathway98,R-HSA-2142850
reactome:Pathway1272,R-HSA-5619081
reactome:Pathway2272,R-HSA-9627069
reactome:Pathway1309,R-HSA-5662853
reactome:Pathway796,R-HSA-72649
reactome:Pathway1736,R-HSA-5654738
reactome:Pathway989,R-HSA-1227990
reactome:Pathway2054,R-HSA-9013422
reactome:Pathway491,R-HSA-181438
reactome:Pathway2443,R-HSA-5628897
reactome:Pathway1885,R-HSA-380108
reactome:Pathway1660,R-HSA-5603029
reactome:Pathway327,R-HSA-389542
reactome:Pathway1701,R-HSA-9823587
reactome:Pathway486,R-HSA-936964
reactome:Pathway1057,R-HSA-9649913
reactome:Pathway626,R-HSA-69541
reactome:Pathway933,R-HSA-450513
reactome:Pathway2491,R-HSA-8941858
reactome:Pathway917,R-HSA-159230
reactome:Pathway1679,R-HSA-9022537
reactome:Pathway558,R-HSA-1280215
reactome:Pathway1303,R-HSA-3878781
reactome:Pathway807,R-HSA-5389840
reactome:Pathway2624,R-HSA-9612973
reactome:Pathway1814,R-HSA-77387
reactome:Pathway1017,R-HSA-2644605
reactome:Pathway1630,R-HSA-9820962
reactome:Pathway2739,R-HSA-6782135
reactome:Pathway986,R-HSA-8853334
reactome:Pathway723,R-HSA-179419
reactome:Pathway1364,R-HSA-5579016
reactome:Pathway574,R-HSA-9012546
reactome:Pathway778,R-HSA-140875
reactome:Pathway2446,R-HSA-6803204
reactome:Pathway480,R-HSA-168138
reactome:Pathway1727,R-HSA-190374
reactome:Pathway2275,R-HSA-111463
reactome:Pathway1245,R-HSA-5619045
reactome:Pathway2278,R-HSA-111465
reactome:Pathway681,R-HSA-2565942
reactome:Pathway1972,R-HSA-4641257
reactome:Pathway974,R-HSA-1839117
reactome:Pathway2316,R-HSA-5619507
reactome:Pathway156,R-HSA-77346
reactome:Pathway1868,R-HSA-2173791
reactome:Pathway1455,R-HSA-9916720
reactome:Pathway2097,R-HSA-5357905
reactome:Pathway1763,R-HSA-5654719
reactome:Pathway1294,R-HSA-2206285
reactome:Pathway2459,R-HSA-6804759
reactome:Pathway2196,R-HSA-427975
reactome:Pathway1658,R-HSA-5603027
reactome:Pathway2732,R-HSA-5696399
reactome:Pathway1573,R-HSA-9609690
reactome:Pathway1334,R-HSA-5579007
reactome:Pathway2449,R-HSA-6791312
reactome:Pathway1526,R-HSA-171286
reactome:Pathway2476,R-HSA-8939245
reactome:Pathway569,R-HSA-9909505
reactome:Pathway234,R-HSA-2142700
reactome:Pathway49,R-HSA-451306
reactome:Pathway1542,R-HSA-167590
reactome:Pathway1782,R-HSA-198745
reactome:Pathway2408,R-HSA-9793528
reactome:Pathway2626,R-HSA-9663891
reactome:Pathway2255,R-HSA-3371378
reactome:Pathway912,R-HSA-72165
reactome:Pathway1659,R-HSA-5602636
reactome:Pathway2174,R-HSA-3000178
reactome:Pathway1171,R-HSA-9608287
reactome:Pathway209,R-HSA-191273
reactome:Pathway2182,R-HSA-1369062
reactome:Pathway2579,R-HSA-3371453
reactome:Pathway1653,R-HSA-5602680
reactome:Pathway2551,R-HSA-5250913
reactome:Pathway1053,R-HSA-5362768
reactome:Pathway1041,R-HSA-4839743
reactome:Pathway18,R-HSA-379397
reactome:Pathway109,R-HSA-2022870
reactome:Pathway572,R-HSA-448706
reactome:Pathway547,R-HSA-5621575
reactome:Pathway2085,R-HSA-8857538
reactome:Pathway1938,R-HSA-8964315
reactome:Pathway1024,R-HSA-3315487
reactome:Pathway1167,R-HSA-5632968
reactome:Pathway896,R-HSA-2022377
reactome:Pathway1238,R-HSA-5619063
reactome:Pathway270,R-HSA-203615
reactome:Pathway1162,R-HSA-9675135
reactome:Pathway977,R-HSA-1839126
reactome:Pathway2746,R-HSA-69306
reactome:Pathway1711,R-HSA-8963676
reactome:Pathway2258,R-HSA-75108
reactome:Pathway785,R-HSA-983189
reactome:Pathway694,R-HSA-2299718
reactome:Pathway1932,R-HSA-881907
reactome:Pathway1909,R-HSA-419812
reactome:Pathway1510,R-HSA-167162
reactome:Pathway695,R-HSA-2465910
reactome:Pathway591,R-HSA-1266695
reactome:Pathway1440,R-HSA-9734735
reactome:Pathway2704,R-HSA-110312
reactome:Pathway554,R-HSA-6798695
reactome:Pathway1252,R-HSA-5619041
reactome:Pathway611,R-HSA-9706369
reactome:Pathway3,R-HSA-112303
reactome:Pathway2393,R-HSA-9844594
reactome:Pathway338,R-HSA-8963691
reactome:Pathway2238,R-HSA-8963889
reactome:Pathway384,R-HSA-211935
reactome:Pathway2381,R-HSA-9856651
reactome:Pathway2719,R-HSA-5693538
reactome:Pathway657,R-HSA-113510
reactome:Pathway780,R-HSA-202733
reactome:Pathway1559,R-HSA-168305
reactome:Pathway999,R-HSA-9665244
reactome:Pathway2504,R-HSA-9022702
reactome:Pathway1413,R-HSA-5083633
reactome:Pathway2352,R-HSA-3928663
reactome:Pathway355,R-HSA-2408550
reactome:Pathway276,R-HSA-9861718
reactome:Pathway1112,R-HSA-9702581
reactome:Pathway368,R-HSA-209776
reactome:Pathway69,R-HSA-1299308
reactome:Pathway1236,R-HSA-5619046
reactome:Pathway540,R-HSA-2730905
reactome:Pathway674,R-HSA-75815
reactome:Pathway19,R-HSA-379398
reactome:Pathway2620,R-HSA-9860931
reactome:Pathway2330,R-HSA-373752
reactome:Pathway2464,R-HSA-8866907
reactome:Pathway962,R-HSA-1643713
reactome:Pathway2057,R-HSA-9696273
reactome:Pathway328,R-HSA-1474151
reactome:Pathway1144,R-HSA-9630750
reactome:Pathway1731,R-HSA-5654219
reactome:Pathway668,R-HSA-176974
reactome:Pathway631,R-HSA-69610
reactome:Pathway191,R-HSA-1660514
reactome:Pathway1345,R-HSA-5579004
reactome:Pathway1424,R-HSA-4755579
reactome:Pathway2206,R-HSA-442660
reactome:Pathway496,R-HSA-166663
reactome:Pathway1606,R-HSA-9772573
reactome:Pathway617,R-HSA-9033241
reactome:Pathway1987,R-HSA-5610785
reactome:Pathway2306,R-HSA-9761174
reactome:Pathway1643,R-HSA-9662851
reactome:Pathway236,R-HSA-9018896
reactome:Pathway529,R-HSA-3248023
reactome:Pathway412,R-HSA-2564830
reactome:Pathway339,R-HSA-8964208
reactome:Pathway383,R-HSA-211999
reactome:Pathway404,R-HSA-159424
reactome:Pathway2117,R-HSA-9027284
reactome:Pathway2150,R-HSA-3000471
reactome:Pathway2605,R-HSA-9711097
reactome:Pathway1433,R-HSA-5579031
reactome:Pathway72,R-HSA-1299361
reactome:Pathway1350,R-HSA-5579005
reactome:Pathway2418,R-HSA-9759811
reactome:Pathway1292,R-HSA-2206290
reactome:Pathway595,R-HSA-8950505
reactome:Pathway2714,R-HSA-9729902
reactome:Pathway545,R-HSA-5660668
reactome:Pathway2530,R-HSA-74158
reactome:Pathway2288,R-HSA-5213460
reactome:Pathway2045,R-HSA-9013408
reactome:Pathway608,R-HSA-9607240
reactome:Pathway1267,R-HSA-5619044
reactome:Pathway2061,R-HSA-5627117
reactome:Pathway294,R-HSA-500753
reactome:Pathway1298,R-HSA-3828062
reactome:Pathway1655,R-HSA-5602415
reactome:Pathway2083,R-HSA-8849468
reactome:Pathway197,R-HSA-1660502
reactome:Pathway1403,R-HSA-4793952
reactome:Pathway658,R-HSA-113501
reactome:Pathway1597,R-HSA-9694516
reactome:Pathway2422,R-HSA-420029
reactome:Pathway2595,R-HSA-9818032
reactome:Pathway2562,R-HSA-9841922
reactome:Pathway369,R-HSA-209905
reactome:Pathway2721,R-HSA-5693607
reactome:Pathway2639,R-HSA-2453902
reactome:Pathway1579,R-HSA-9684325
reactome:Pathway1594,R-HSA-9692916
reactome:Pathway682,R-HSA-156711
reactome:Pathway1265,R-HSA-5619079
reactome:Pathway1728,R-HSA-5658623
reactome:Pathway1694,R-HSA-9672387
reactome:Pathway553,R-HSA-6803544
reactome:Pathway1566,R-HSA-168316
reactome:Pathway1876,R-HSA-9839394
reactome:Pathway1688,R-HSA-9672397
reactome:Pathway1913,R-HSA-418555
reactome:Pathway2703,R-HSA-110313
reactome:Pathway2623,R-HSA-9856532
reactome:Pathway378,R-HSA-211897
reactome:Pathway2421,R-HSA-9764302
reactome:Pathway2345,R-HSA-437239
reactome:Pathway2187,R-HSA-425561
reactome:Pathway2338,R-HSA-8985801
reactome:Pathway842,R-HSA-901042
reactome:Pathway571,R-HSA-446652
reactome:Pathway2641,R-HSA-2514856
reactome:Pathway341,R-HSA-70688
reactome:Pathway361,R-HSA-71288
reactome:Pathway1019,R-HSA-3304351
reactome:Pathway550,R-HSA-1462054
reactome:Pathway1426,R-HSA-4085023
reactome:Pathway204,R-HSA-1660662
reactome:Pathway1837,R-HSA-1236394
reactome:Pathway2629,R-HSA-8934903
reactome:Pathway36,R-HSA-9609736
reactome:Pathway1947,R-HSA-2122948
reactome:Pathway479,R-HSA-9860276
reactome:Pathway2470,R-HSA-8878171
reactome:Pathway920,R-HSA-75067
reactome:Pathway2292,R-HSA-1266738
reactome:Pathway2710,R-HSA-5657655
reactome:Pathway1840,R-HSA-1251985
reactome:Pathway1596,R-HSA-9735871
reactome:Pathway526,R-HSA-3134973
reactome:Pathway744,R-HSA-1500620
reactome:Pathway2591,R-HSA-9759194
reactome:Pathway970,R-HSA-5655302
reactome:Pathway1329,R-HSA-3359485
reactome:Pathway1940,R-HSA-157118
reactome:Pathway2582,R-HSA-2559580
reactome:Pathway2230,R-HSA-8949215
reactome:Pathway1173,R-HSA-9616334
reactome:Pathway829,R-HSA-162699
reactome:Pathway1101,R-HSA-9703465
reactome:Pathway1991,R-HSA-5632681
reactome:Pathway173,R-HSA-1483213
reactome:Pathway815,R-HSA-390471
reactome:Pathway662,R-HSA-69239
reactome:Pathway1383,R-HSA-3656225
reactome:Pathway2435,R-HSA-73772
reactome:Pathway2160,R-HSA-1474244
reactome:Pathway1957,R-HSA-9013700
reactome:Pathway309,R-HSA-199220
reactome:Pathway2558,R-HSA-9917777
reactome:Pathway2686,R-HSA-110330
reactome:Pathway510,R-HSA-844623
reactome:Pathway1158,R-HSA-8863678
reactome:Pathway2245,R-HSA-8964038
reactome:Pathway2295,R-HSA-9821993
reactome:Pathway2124,R-HSA-8856688
reactome:Pathway584,R-HSA-912526
reactome:Pathway1966,R-HSA-201688
reactome:Pathway52,R-HSA-500657
reactome:Pathway926,R-HSA-75094
reactome:Pathway1064,R-HSA-6802955
reactome:Pathway833,R-HSA-446193
reactome:Pathway776,R-HSA-140834
reactome:Pathway2672,R-HSA-2151201
reactome:Pathway1781,R-HSA-198203
reactome:Pathway1819,R-HSA-195399
reactome:Pathway1133,R-HSA-9659787
reactome:Pathway2038,R-HSA-9012999
reactome:Pathway1898,R-HSA-391903
reactome:Pathway2214,R-HSA-804914
reactome:Pathway410,R-HSA-2395516
reactome:Pathway1785,R-HSA-198725
reactome:Pathway2613,R-HSA-381042
reactome:Pathway782,R-HSA-210990
reactome:Pathway1654,R-HSA-5602410
reactome:Pathway354,R-HSA-2408499
reactome:Pathway958,R-HSA-9836573
reactome:Pathway37,R-HSA-438066
reactome:Pathway2508,R-HSA-9614085
reactome:Pathway1921,R-HSA-111995
reactome:Pathway1912,R-HSA-388396
reactome:Pathway2735,R-HSA-5696400
reactome:Pathway1159,R-HSA-8862803
reactome:Pathway2445,R-HSA-6803211
reactome:Pathway2199,R-HSA-429593
reactome:Pathway2424,R-HSA-446353
reactome:Pathway228,R-HSA-9640463
reactome:Pathway740,R-HSA-174414
reactome:Pathway1453,R-HSA-9914274
reactome:Pathway1710,R-HSA-189085
reactome:Pathway1578,R-HSA-9679504
reactome:Pathway2653,R-HSA-390522
reactome:Pathway2297,R-HSA-9819196
reactome:Pathway417,R-HSA-202427
reactome:Pathway2077,R-HSA-9006927
reactome:Pathway2654,R-HSA-445355
reactome:Pathway2377,R-HSA-9725554
reactome:Pathway1522,R-HSA-165054
reactome:Pathway1795,R-HSA-9032500
reactome:Pathway1473,R-HSA-8876493
reactome:Pathway534,R-HSA-2172127
reactome:Pathway1415,R-HSA-5083628
reactome:Pathway1301,R-HSA-3229133
reactome:Pathway2410,R-HSA-446728
reactome:Pathway2546,R-HSA-5601884
reactome:Pathway229,R-HSA-75896
reactome:Pathway1015,R-HSA-2894858
reactome:Pathway396,R-HSA-156588
reactome:Pathway1208,R-HSA-5683329
reactome:Pathway1512,R-HSA-167169
reactome:Pathway2680,R-HSA-5624958
reactome:Pathway1808,R-HSA-109704
reactome:Pathway1541,R-HSA-164940
reactome:Pathway371,R-HSA-350864
reactome:Pathway2744,R-HSA-6783310
reactome:Pathway1758,R-HSA-190322
reactome:Pathway899,R-HSA-400511
reactome:Pathway2185,R-HSA-425393
reactome:Pathway700,R-HSA-68877
reactome:Pathway1088,R-HSA-9673770
reactome:Pathway2737,R-HSA-6781827
reactome:Pathway17,R-HSA-379401
reactome:Pathway2168,R-HSA-1566948
reactome:Pathway2687,R-HSA-110331
reactome:Pathway2157,R-HSA-3214842
reactome:Pathway792,R-HSA-72737
reactome:Pathway956,R-HSA-194441
reactome:Pathway162,R-HSA-390918
reactome:Pathway801,R-HSA-1799339
reactome:Pathway2471,R-HSA-8934593
reactome:Pathway573,R-HSA-9020702
reactome:Pathway1126,R-HSA-9717301
reactome:Pathway1732,R-HSA-5654688
reactome:Pathway873,R-HSA-4085377
reactome:Pathway1441,R-HSA-9759774
reactome:Pathway2612,R-HSA-381038
reactome:Pathway1330,R-HSA-3323169
reactome:Pathway846,R-HSA-5694530
reactome:Pathway2427,R-HSA-446107
reactome:Pathway2648,R-HSA-9717189
reactome:Pathway2332,R-HSA-418886
reactome:Pathway451,R-HSA-168142
reactome:Pathway2239,R-HSA-8963901
reactome:Pathway2563,R-HSA-9842860
reactome:Pathway1950,R-HSA-2979096
reactome:Pathway798,R-HSA-72706
reactome:Pathway2516,R-HSA-9768777
reactome:Pathway1859,R-HSA-8852405
reactome:Pathway1849,R-HSA-8851907
reactome:Pathway1387,R-HSA-3656248
reactome:Pathway1902,R-HSA-417957
reactome:Pathway2207,R-HSA-444411
reactome:Pathway830,R-HSA-162710
reactome:Pathway1293,R-HSA-2206308
reactome:Pathway859,R-HSA-2990846
reactome:Pathway2320,R-HSA-373755
reactome:Pathway1324,R-HSA-3359467
reactome:Pathway757,R-HSA-76002
reactome:Pathway1715,R-HSA-9006934
reactome:Pathway102,R-HSA-2022854
reactome:Pathway636,R-HSA-69478
reactome:Pathway478,R-HSA-975110
reactome:Pathway1995,R-HSA-9006931
reactome:Pathway1873,R-HSA-1502540
reactome:Pathway1683,R-HSA-9671793
reactome:Pathway1723,R-HSA-5654736
reactome:Pathway732,R-HSA-774815
reactome:Pathway1717,R-HSA-212718
reactome:Pathway1920,R-HSA-111996
reactome:Pathway91,R-HSA-70350
reactome:Pathway2671,R-HSA-2151209
reactome:Pathway1905,R-HSA-419408
reactome:Pathway1990,R-HSA-5632684
reactome:Pathway2564,R-HSA-9845323
reactome:Pathway1979,R-HSA-5099900
reactome:Pathway1862,R-HSA-9701898
reactome:Pathway1435,R-HSA-9735786
reactome:Pathway1771,R-HSA-187042
reactome:Pathway2602,R-HSA-9707564
reactome:Pathway942,R-HSA-975957
reactome:Pathway2510,R-HSA-9617629
reactome:Pathway1275,R-HSA-5660862
reactome:Pathway1663,R-HSA-2474795
reactome:Pathway1417,R-HSA-5083630
reactome:Pathway1952,R-HSA-9012852
reactome:Pathway187,R-HSA-1482798
reactome:Pathway14,R-HSA-888593
reactome:Pathway1445,R-HSA-9865114
reactome:Pathway1052,R-HSA-5387390
reactome:Pathway2374,R-HSA-6809371
reactome:Pathway2567,R-HSA-8953897
reactome:Pathway2715,R-HSA-5693532
reactome:Pathway120,R-HSA-1855196
reactome:Pathway1502,R-HSA-164525
reactome:Pathway450,R-HSA-1679131
reactome:Pathway2053,R-HSA-9706574
reactome:Pathway1353,R-HSA-5579019
reactome:Pathway1530,R-HSA-180897
reactome:Pathway1634,R-HSA-9658195
reactome:Pathway2511,R-HSA-9614657
reactome:Pathway1014,R-HSA-2644606
reactome:Pathway2730,R-HSA-5693571
reactome:Pathway2020,R-HSA-110056
reactome:Pathway1026,R-HSA-3642279
reactome:Pathway2596,R-HSA-9818025
reactome:Pathway264,R-HSA-163358
reactome:Pathway654,R-HSA-69200
reactome:Pathway142,R-HSA-2142770
reactome:Pathway1981,R-HSA-4086398
reactome:Pathway653,R-HSA-187577
reactome:Pathway918,R-HSA-159227
reactome:Pathway1984,R-HSA-5358346
reactome:Pathway1756,R-HSA-5654732
reactome:Pathway2243,R-HSA-8964026
reactome:Pathway1009,R-HSA-2660825
reactome:Pathway130,R-HSA-1855183
reactome:Pathway29,R-HSA-622327
reactome:Pathway1525,R-HSA-174490
reactome:Pathway1647,R-HSA-9664535
reactome:Pathway386,R-HSA-211916
reactome:Pathway619,R-HSA-9603798
reactome:Pathway1726,R-HSA-190373
reactome:Pathway2139,R-HSA-191650
reactome:Pathway1980,R-HSA-5140745
reactome:Pathway2043,R-HSA-9013404
reactome:Pathway119,R-HSA-1855204
reactome:Pathway2110,R-HSA-193697
reactome:Pathway1486,R-HSA-1222499
reactome:Pathway2688,R-HSA-73928
reactome:Pathway2200,R-HSA-433137
reactome:Pathway2166,R-HSA-2243919
reactome:Pathway1930,R-HSA-418597
reactome:Pathway1276,R-HSA-5660883
reactome:Pathway1558,R-HSA-168315
reactome:Pathway385,R-HSA-211979
reactome:Pathway2540,R-HSA-163316
reactome:Pathway1266,R-HSA-5659729
reactome:Pathway1943,R-HSA-9911233
reactome:Pathway2736,R-HSA-5696397
reactome:Pathway1205,R-HSA-5690338
reactome:Pathway60,R-HSA-1296061
reactome:Pathway1327,R-HSA-3359475
reactome:Pathway157,R-HSA-77348
reactome:Pathway1257,R-HSA-5619050
reactome:Pathway2518,R-HSA-9768919
reactome:Pathway1971,R-HSA-4641258
reactome:Pathway253,R-HSA-9027604
reactome:Pathway2580,R-HSA-2559583
reactome:Pathway1899,R-HSA-391908
reactome:Pathway2161,R-HSA-1474290
reactome:Pathway1632,R-HSA-9833109
reactome:Pathway1810,R-HSA-109703
reactome:Pathway737,R-HSA-174417
reactome:Pathway2280,R-HSA-351906
reactome:Pathway363,R-HSA-351202
reactome:Pathway1564,R-HSA-168333
reactome:Pathway1115,R-HSA-9702590
reactome:Pathway2159,R-HSA-3214858
reactome:Pathway2636,R-HSA-381753
reactome:Pathway316,R-HSA-196780
reactome:Pathway2364,R-HSA-9830674
reactome:Pathway2387,R-HSA-9825895
reactome:Pathway620,R-HSA-9609523
reactome:Pathway666,R-HSA-69017
reactome:Pathway630,R-HSA-69613
reactome:Pathway997,R-HSA-9665249
reactome:Pathway2070,R-HSA-5663220
reactome:Pathway1287,R-HSA-2206296
reactome:Pathway1824,R-HSA-1433557
reactome:Pathway1368,R-HSA-5687868
reactome:Pathway2125,R-HSA-6811434
reactome:Pathway2126,R-HSA-6811436
reactome:Pathway1068,R-HSA-9652817
reactome:Pathway181,R-HSA-1482801
reactome:Pathway390,R-HSA-140179
reactome:Pathway1576,R-HSA-9678108
reactome:Pathway1924,R-HSA-111931
reactome:Pathway335,R-HSA-70921
reactome:Pathway1961,R-HSA-3238698
reactome:Pathway1281,R-HSA-5619095
reactome:Pathway1598,R-HSA-9772572
reactome:Pathway1137,R-HSA-9673013
reactome:Pathway267,R-HSA-163767
reactome:Pathway1967,R-HSA-4641262
reactome:Pathway765,R-HSA-76009
reactome:Pathway150,R-HSA-200425
reactome:Pathway41,R-HSA-442982
reactome:Pathway2587,R-HSA-9648895
reactome:Pathway593,R-HSA-447115
reactome:Pathway1996,R-HSA-5362517
reactome:Pathway164,R-HSA-389887
reactome:Pathway1879,R-HSA-9839406
reactome:Pathway544,R-HSA-5607761
reactome:Pathway1315,R-HSA-5659898
reactome:Pathway2128,R-HSA-432722
reactome:Pathway838,R-HSA-480985
reactome:Pathway1470,R-HSA-5336415
reactome:Pathway1286,R-HSA-2206302
reactome:Pathway1094,R-HSA-9674401
reactome:Pathway2725,R-HSA-5693537
reactome:Pathway1680,R-HSA-9022535
reactome:Pathway2618,R-HSA-9841251
reactome:Pathway323,R-HSA-975634
reactome:Pathway1452,R-HSA-9909438
reactome:Pathway454,R-HSA-937042
reactome:Pathway1700,R-HSA-9672383
reactome:Pathway311,R-HSA-964975
reactome:Pathway938,R-HSA-429947
reactome:Pathway2328,R-HSA-375165
reactome:Pathway543,R-HSA-5607763
reactome:Pathway2302,R-HSA-9758941
reactome:Pathway2233,R-HSA-8963898
reactome:Pathway2592,R-HSA-9818749
reactome:Pathway562,R-HSA-877300
reactome:Pathway2359,R-HSA-5682910
reactome:Pathway639,R-HSA-141424
reactome:Pathway223,R-HSA-193993
reactome:Pathway1203,R-HSA-5683678
reactome:Pathway650,R-HSA-9754119
reactome:Pathway1848,R-HSA-8851805
reactome:Pathway1352,R-HSA-5579013
reactome:Pathway2192,R-HSA-427589
reactome:Pathway439,R-HSA-1236975
reactome:Pathway349,R-HSA-1614517
reactome:Pathway2203,R-HSA-435354
reactome:Pathway696,R-HSA-2980766
reactome:Pathway1623,R-HSA-9820952
reactome:Pathway2193,R-HSA-352230
reactome:Pathway287,R-HSA-166187
reactome:Pathway40,R-HSA-442742
reactome:Pathway1871,R-HSA-2173795
reactome:Pathway90,R-HSA-5652227
reactome:Pathway854,R-HSA-975577
reactome:Pathway1666,R-HSA-9918442
reactome:Pathway284,R-HSA-9864848
reactome:Pathway1288,R-HSA-2206307
reactome:Pathway2277,R-HSA-75153
reactome:Pathway2378,R-HSA-9925561
reactome:Pathway2621,R-HSA-9856530
reactome:Pathway1358,R-HSA-5578998
reactome:Pathway289,R-HSA-9673163
reactome:Pathway2250,R-HSA-5357801
reactome:Pathway598,R-HSA-8984722
reactome:Pathway2484,R-HSA-8939902
reactome:Pathway1571,R-HSA-168277
reactome:Pathway2474,R-HSA-8936459
reactome:Pathway2433,R-HSA-73728
reactome:Pathway2556,R-HSA-427413
reactome:Pathway1644,R-HSA-9662834
reactome:Pathway1155,R-HSA-9710421
reactome:Pathway678,R-HSA-69275
reactome:Pathway2679,R-HSA-5624138
reactome:Pathway835,R-HSA-446199
reactome:Pathway2357,R-HSA-8866376
reactome:Pathway1235,R-HSA-5619085
reactome:Pathway963,R-HSA-5637815
reactome:Pathway708,R-HSA-2467813
reactome:Pathway2329,R-HSA-419037
reactome:Pathway2260,R-HSA-111447
reactome:Pathway1407,R-HSA-4341670
reactome:Pathway2400,R-HSA-9749641
reactome:Pathway1325,R-HSA-3359469
reactome:Pathway1213,R-HSA-9036092
reactome:Pathway673,R-HSA-69166
reactome:Pathway931,R-HSA-450408
reactome:Pathway367,R-HSA-5662702
reactome:Pathway39,R-HSA-9620244
reactome:Pathway312,R-HSA-196741
reactome:Pathway224,R-HSA-193048
reactome:Pathway1725,R-HSA-190370
reactome:Pathway2480,R-HSA-8935964
reactome:Pathway2676,R-HSA-5620920
reactome:Pathway1339,R-HSA-5579028
reactome:Pathway1988,R-HSA-5610783
reactome:Pathway1818,R-HSA-194313
reactome:Pathway1219,R-HSA-5619104
reactome:Pathway452,R-HSA-975871
reactome:Pathway1043,R-HSA-5358752
reactome:Pathway1693,R-HSA-9672396
reactome:Pathway2092,R-HSA-75157
reactome:Pathway735,R-HSA-180786
reactome:Pathway1612,R-HSA-9694594
reactome:Pathway985,R-HSA-2033515
reactome:Pathway1738,R-HSA-190241
reactome:Pathway2497,R-HSA-8951911
reactome:Pathway1936,R-HSA-392451
reactome:Pathway134,R-HSA-8964572
reactome:Pathway2127,R-HSA-199992
reactome:Pathway1427,R-HSA-4043916
reactome:Pathway1086,R-HSA-9671555
reactome:Pathway1894,R-HSA-390651
reactome:Pathway2389,R-HSA-9926550
reactome:Pathway2428,R-HSA-391160
reactome:Pathway1380,R-HSA-3595172
reactome:Pathway1337,R-HSA-5579017
reactome:Pathway1136,R-HSA-9687136
reactome:Pathway582,R-HSA-8983432
reactome:Pathway823,R-HSA-159782
reactome:Pathway2583,R-HSA-2559586
reactome:Pathway2091,R-HSA-73887
reactome:Pathway1729,R-HSA-5654687
reactome:Pathway1004,R-HSA-2219528
reactome:Pathway1070,R-HSA-9726840
reactome:Pathway1141,R-HSA-9670613
reactome:Pathway527,R-HSA-3134963
reactome:Pathway205,R-HSA-9840309
reactome:Pathway1224,R-HSA-5619076
reactome:Pathway434,R-HSA-2025928
reactome:Pathway537,R-HSA-2871796
reactome:Pathway2012,R-HSA-5673001
reactome:Pathway1001,R-HSA-9665348
reactome:Pathway1055,R-HSA-6802957
reactome:Pathway2148,R-HSA-2168880
reactome:Pathway758,R-HSA-430116
reactome:Pathway628,R-HSA-69560
reactome:Pathway1296,R-HSA-2206280
reactome:Pathway867,R-HSA-3108214
reactome:Pathway2172,R-HSA-3000170
reactome:Pathway727,R-HSA-174154
reactome:Pathway1067,R-HSA-9652169
reactome:Pathway1582,R-HSA-9682706
reactome:Pathway2405,R-HSA-9754706
reactome:Pathway643,R-HSA-69278
reactome:Pathway1656,R-HSA-5602566
reactome:Pathway1664,R-HSA-2453864
reactome:Pathway240,R-HSA-9020265
reactome:Pathway1475,R-HSA-9635486
reactome:Pathway1054,R-HSA-5658034
reactome:Pathway2515,R-HSA-9768759
reactome:Pathway1788,R-HSA-9024909
reactome:Pathway2432,R-HSA-73854
reactome:Pathway1789,R-HSA-9025046
reactome:Pathway1864,R-HSA-9006936
reactome:Pathway803,R-HSA-156902
reactome:Pathway2208,R-HSA-549132
reactome:Pathway1412,R-HSA-5083635
reactome:Pathway2034,R-HSA-8948751
reactome:Pathway32,R-HSA-399719
reactome:Pathway1821,R-HSA-5218920
reactome:Pathway389,R-HSA-140180
reactome:Pathway2048,R-HSA-9013406
reactome:Pathway365,R-HSA-351200
reactome:Pathway303,R-HSA-8850843
reactome:Pathway2004,R-HSA-9029569
reactome:Pathway1953,R-HSA-9013507
reactome:Pathway1393,R-HSA-4549380
reactome:Pathway1148,R-HSA-9632693
reactome:Pathway1478,R-HSA-9635644
reactome:Pathway2241,R-HSA-8964058
reactome:Pathway2087,R-HSA-165159
reactome:Pathway2180,R-HSA-382551
reactome:Pathway2631,R-HSA-9613354
reactome:Pathway604,R-HSA-5668541
reactome:Pathway1047,R-HSA-5339700
reactome:Pathway2318,R-HSA-9675108
reactome:Pathway495,R-HSA-166658
reactome:Pathway498,R-HSA-166662
reactome:Pathway747,R-HSA-109582
reactome:Pathway1253,R-HSA-5619088
reactome:Pathway1796,R-HSA-9032759
reactome:Pathway987,R-HSA-5655291
reactome:Pathway2603,R-HSA-9707587
reactome:Pathway969,R-HSA-1226099
reactome:Pathway1084,R-HSA-9669924
reactome:Pathway610,R-HSA-9645135
reactome:Pathway1341,R-HSA-5579000
reactome:Pathway1436,R-HSA-9735763
reactome:Pathway2726,R-HSA-5693568
reactome:Pathway1778,R-HSA-170968
reactome:Pathway2074,R-HSA-9715370
reactome:Pathway2063,R-HSA-5625740
reactome:Pathway637,R-HSA-176187
reactome:Pathway2145,R-HSA-8876198
reactome:Pathway505,R-HSA-168643
reactome:Pathway432,R-HSA-1169091
reactome:Pathway448,R-HSA-168249
reactome:Pathway321,R-HSA-6806667
reactome:Pathway1263,R-HSA-5658471
reactome:Pathway1117,R-HSA-9702569
reactome:Pathway1945,R-HSA-1912420
reactome:Pathway685,R-HSA-380284
reactome:Pathway726,R-HSA-174048
reactome:Pathway567,R-HSA-8983711
reactome:Pathway555,R-HSA-1222556
reactome:Pathway2523,R-HSA-73776
reactome:Pathway447,R-HSA-8851680
reactome:Pathway2708,R-HSA-5656169
reactome:Pathway82,R-HSA-3322077
reactome:Pathway252,R-HSA-9026403
reactome:Pathway138,R-HSA-2142753
reactome:Pathway380,R-HSA-211994
reactome:Pathway208,R-HSA-8957322
reactome:Pathway31,R-HSA-399721
reactome:Pathway2164,R-HSA-2022090
reactome:Pathway2153,R-HSA-4839726
reactome:Pathway397,R-HSA-173599
reactome:Pathway387,R-HSA-211958
reactome:Pathway1575,R-HSA-9679506
reactome:Pathway860,R-HSA-3215018
reactome:Pathway2051,R-HSA-9013405
reactome:Pathway597,R-HSA-9020956
reactome:Pathway1500,R-HSA-162589
reactome:Pathway1880,R-HSA-9839397
reactome:Pathway616,R-HSA-1268020
reactome:Pathway376,R-HSA-211859
reactome:Pathway2247,R-HSA-8866427
reactome:Pathway2417,R-HSA-9762293
reactome:Pathway2075,R-HSA-9013425
reactome:Pathway2506,R-HSA-9022927
reactome:Pathway564,R-HSA-9732724
reactome:Pathway1007,R-HSA-5674404
reactome:Pathway1138,R-HSA-9006821
reactome:Pathway692,R-HSA-68875
reactome:Pathway1800,R-HSA-9034793
reactome:Pathway1834,R-HSA-8863795
reactome:Pathway748,R-HSA-418346
reactome:Pathway585,R-HSA-512988
reactome:Pathway903,R-HSA-5676934
reactome:Pathway2154,R-HSA-3247509
reactome:Pathway21,R-HSA-380612
reactome:Pathway2028,R-HSA-6811558
reactome:Pathway736,R-HSA-171319
reactome:Pathway477,R-HSA-975163
reactome:Pathway1102,R-HSA-9702509
reactome:Pathway429,R-HSA-983705
reactome:Pathway2346,R-HSA-445095
reactome:Pathway739,R-HSA-174411
reactome:Pathway1625,R-HSA-9820965
reactome:Pathway1200,R-HSA-5678420
reactome:Pathway1299,R-HSA-3858516
reactome:Pathway832,R-HSA-446203
reactome:Pathway2637,R-HSA-9752946
reactome:Pathway1242,R-HSA-5619047
reactome:Pathway1075,R-HSA-9680187
reactome:Pathway661,R-HSA-69656
reactome:Pathway1878,R-HSA-9839389
reactome:Pathway1838,R-HSA-1250347
reactome:Pathway1250,R-HSA-5619083
reactome:Pathway914,R-HSA-72202
reactome:Pathway2283,R-HSA-211736
reactome:Pathway1072,R-HSA-9669938
reactome:Pathway34,R-HSA-399710
reactome:Pathway1483,R-HSA-9636667
reactome:Pathway2647,R-HSA-9667769
reactome:Pathway459,R-HSA-450302
reactome:Pathway1409,R-HSA-5083625
reactome:Pathway2512,R-HSA-9617828
reactome:Pathway760,R-HSA-392170
reactome:Pathway2616,R-HSA-8874211
reactome:Pathway1973,R-HSA-4641263
reactome:Pathway2104,R-HSA-205025
reactome:Pathway774,R-HSA-114608
reactome:Pathway733,R-HSA-606279
reactome:Pathway1825,R-HSA-1433559
reactome:Pathway78,R-HSA-8849932
reactome:Pathway2488,R-HSA-8941332
reactome:Pathway509,R-HSA-844455
reactome:Pathway1307,R-HSA-5657560
reactome:Pathway275,R-HSA-9861559
reactome:Pathway2132,R-HSA-190861
reactome:Pathway1786,R-HSA-9031628
reactome:Pathway1495,R-HSA-162906
reactome:Pathway2645,R-HSA-9662360
reactome:Pathway1865,R-HSA-170834
reactome:Pathway2537,R-HSA-73980
reactome:Pathway1523,R-HSA-175474
reactome:Pathway2179,R-HSA-8941237
reactome:Pathway2452,R-HSA-6804115
reactome:Pathway646,R-HSA-1362277
reactome:Pathway791,R-HSA-72613
reactome:Pathway20,R-HSA-380615
reactome:Pathway1271,R-HSA-5660686
reactome:Pathway2430,R-HSA-74160
reactome:Pathway1691,R-HSA-9672395
reactome:Pathway1028,R-HSA-3656534
reactome:Pathway2441,R-HSA-2032785
reactome:Pathway1191,R-HSA-9701193
reactome:Pathway1319,R-HSA-3359457
reactome:Pathway2343,R-HSA-9010642
reactome:Pathway2489,R-HSA-8941333
reactome:Pathway87,R-HSA-170822
reactome:Pathway1182,R-HSA-9675136
reactome:Pathway2391,R-HSA-381340
reactome:Pathway2394,R-HSA-400253
reactome:Pathway1697,R-HSA-9673221
reactome:Pathway1346,R-HSA-5578996
reactome:Pathway1611,R-HSA-9694493
reactome:Pathway1322,R-HSA-3359474
reactome:Pathway901,R-HSA-209822
reactome:Pathway1740,R-HSA-190375
reactome:Pathway393,R-HSA-71384
reactome:Pathway2227,R-HSA-1237044
reactome:Pathway1906,R-HSA-419771
reactome:Pathway1058,R-HSA-9753512
reactome:Pathway972,R-HSA-1839120
reactome:Pathway1168,R-HSA-5632987
reactome:Pathway2600,R-HSA-9818030
reactome:Pathway1431,R-HSA-4719360
reactome:Pathway194,R-HSA-1660524
reactome:Pathway1698,R-HSA-9673202
reactome:Pathway2615,R-HSA-8874177
reactome:Pathway1145,R-HSA-9630794
reactome:Pathway430,R-HSA-983695
reactome:Pathway968,R-HSA-5638303
reactome:Pathway605,R-HSA-5676594
reactome:Pathway635,R-HSA-75035
reactome:Pathway2165,R-HSA-2214320
reactome:Pathway528,R-HSA-3134975
reactome:Pathway2300,R-HSA-2892247
reactome:Pathway1391,R-HSA-4549356
reactome:Pathway1357,R-HSA-5579006
reactome:Pathway1982,R-HSA-2028269
reactome:Pathway2016,R-HSA-5675221
reactome:Pathway1759,R-HSA-1307965
reactome:Pathway1565,R-HSA-168268
reactome:Pathway2184,R-HSA-425407
reactome:Pathway2311,R-HSA-9823739
reactome:Pathway216,R-HSA-193368
reactome:Pathway53,R-HSA-977443
reactome:Pathway168,R-HSA-163560
reactome:Pathway1226,R-HSA-5619062
reactome:Pathway1822,R-HSA-5218921
reactome:Pathway655,R-HSA-69205
reactome:Pathway921,R-HSA-77588
reactome:Pathway1686,R-HSA-9657688
reactome:Pathway1447,R-HSA-9865113
reactome:Pathway1605,R-HSA-9694786
reactome:Pathway213,R-HSA-2426168
reactome:Pathway939,R-HSA-429958
reactome:Pathway2281,R-HSA-352238
reactome:Pathway1895,R-HSA-390650
reactome:Pathway1082,R-HSA-9669936
reactome:Pathway261,R-HSA-381676
reactome:Pathway855,R-HSA-5173105
reactome:Pathway1590,R-HSA-9679509
reactome:Pathway1498,R-HSA-173107
reactome:Pathway1853,R-HSA-8875513
reactome:Pathway2386,R-HSA-9854909
reactome:Pathway1105,R-HSA-9702620
reactome:Pathway456,R-HSA-9758274
reactome:Pathway949,R-HSA-6793080
reactome:Pathway2268,R-HSA-111471
reactome:Pathway482,R-HSA-166020
reactome:Pathway1562,R-HSA-168274
reactome:Pathway1442,R-HSA-9759785
reactome:Pathway1887,R-HSA-388479
reactome:Pathway894,R-HSA-264876
reactome:Pathway1289,R-HSA-2206282
reactome:Pathway565,R-HSA-1169410
reactome:Pathway1406,R-HSA-4793950
reactome:Pathway172,R-HSA-1482883
reactome:Pathway1178,R-HSA-9656249
reactome:Pathway2144,R-HSA-9007101
reactome:Pathway982,R-HSA-5655332
reactome:Pathway1548,R-HSA-168288
reactome:Pathway2365,R-HSA-9831926
reactome:Pathway403,R-HSA-156587
reactome:Pathway2129,R-HSA-432720
reactome:Pathway104,R-HSA-1638091
reactome:Pathway725,R-HSA-179409
reactome:Pathway2152,R-HSA-3000497
reactome:Pathway442,R-HSA-1236977
reactome:Pathway1780,R-HSA-167021
reactome:Pathway2304,R-HSA-9758919
reactome:Pathway305,R-HSA-196849
reactome:Pathway1290,R-HSA-2206291
reactome:Pathway738,R-HSA-174430
reactome:Pathway793,R-HSA-72689
reactome:Pathway463,R-HSA-202670
reactome:Pathway1125,R-HSA-9717316
reactome:Pathway105,R-HSA-1971475
reactome:Pathway1150,R-HSA-9632700
reactome:Pathway2614,R-HSA-380994
reactome:Pathway1889,R-HSA-444473
reactome:Pathway934,R-HSA-450604
reactome:Pathway2692,R-HSA-9730737
reactome:Pathway2065,R-HSA-5625900
reactome:Pathway518,R-HSA-936440
reactome:Pathway366,R-HSA-350562
reactome:Pathway2133,R-HSA-190827
reactome:Pathway2416,R-HSA-9759475
reactome:Pathway1259,R-HSA-5656364
reactome:Pathway2709,R-HSA-73942
reactome:Pathway870,R-HSA-4615885
reactome:Pathway2699,R-HSA-110362
reactome:Pathway632,R-HSA-69601
reactome:Pathway1156,R-HSA-9734009
reactome:Pathway2056,R-HSA-9013407
reactome:Pathway2249,R-HSA-9845576
reactome:Pathway1036,R-HSA-5467345
reactome:Pathway1890,R-HSA-444821
reactome:Pathway764,R-HSA-114604
reactome:Pathway1180,R-HSA-9656256
reactome:Pathway2173,R-HSA-9913351
reactome:Pathway1829,R-HSA-1963642
reactome:Pathway677,R-HSA-68911
reactome:Pathway1033,R-HSA-5467333
reactome:Pathway2072,R-HSA-5668599
reactome:Pathway1665,R-HSA-9918449
reactome:Pathway2500,R-HSA-8853884
reactome:Pathway507,R-HSA-622312
reactome:Pathway1247,R-HSA-5619037
reactome:Pathway1297,R-HSA-3229121
reactome:Pathway2210,R-HSA-561048
reactome:Pathway1674,R-HSA-6809583
reactome:Pathway2303,R-HSA-9754189
reactome:Pathway2069,R-HSA-5663213
reactome:Pathway1149,R-HSA-9632697
reactome:Pathway1342,R-HSA-5579021
reactome:Pathway290,R-HSA-880009
reactome:Pathway2261,R-HSA-111448
reactome:Pathway1318,R-HSA-3296469
reactome:Pathway2496,R-HSA-8951671
reactome:Pathway11,R-HSA-264642
reactome:Pathway1587,R-HSA-9683673
reactome:Pathway2368,R-HSA-210744
reactome:Pathway1755,R-HSA-5654710
reactome:Pathway1844,R-HSA-2428933
reactome:Pathway2007,R-HSA-9031528
reactome:Pathway353,R-HSA-2408552
reactome:Pathway2691,R-HSA-9636003
reactome:Pathway802,R-HSA-156842
reactome:Pathway1977,R-HSA-4086400
reactome:Pathway1210,R-HSA-5679090
reactome:Pathway1602,R-HSA-9694271
reactome:Pathway1668,R-HSA-9918443
reactome:Pathway1249,R-HSA-5619072
reactome:Pathway994,R-HSA-9665251
reactome:Pathway663,R-HSA-68952
reactome:Pathway1513,R-HSA-167158
reactome:Pathway980,R-HSA-8851708
reactome:Pathway746,R-HSA-1221632
reactome:Pathway1854,R-HSA-8875555
reactome:Pathway2349,R-HSA-447043
reactome:Pathway1585,R-HSA-9683610
reactome:Pathway1503,R-HSA-162592
reactome:Pathway1385,R-HSA-3656237
reactome:Pathway1269,R-HSA-5619109
reactome:Pathway2114,R-HSA-9006335
reactome:Pathway1903,R-HSA-417973
reactome:Pathway2696,R-HSA-73930
reactome:Pathway310,R-HSA-196783
reactome:Pathway2009,R-HSA-9632974
reactome:Pathway779,R-HSA-75205
reactome:Pathway1648,R-HSA-5260271
reactome:Pathway2711,R-HSA-73943
reactome:Pathway183,R-HSA-1482922
reactome:Pathway2372,R-HSA-9690406
reactome:Pathway688,R-HSA-8854518
reactome:Pathway991,R-HSA-9664565
reactome:Pathway407,R-HSA-177128
reactome:Pathway2167,R-HSA-1566977
reactome:Pathway2520,R-HSA-73779
reactome:Pathway711,R-HSA-9615933
reactome:Pathway2601,R-HSA-9708530
reactome:Pathway308,R-HSA-196843
reactome:Pathway2017,R-HSA-5674499
reactome:Pathway2550,R-HSA-5221030
reactome:Pathway1027,R-HSA-3645790
reactome:Pathway425,R-HSA-9927354
reactome:Pathway402,R-HSA-174403
reactome:Pathway548,R-HSA-6803157
reactome:Pathway38,R-HSA-438064
reactome:Pathway269,R-HSA-202131
reactome:Pathway1511,R-HSA-167160
reactome:Pathway586,R-HSA-912631
reactome:Pathway222,R-HSA-194002
reactome:Pathway697,R-HSA-2980767
reactome:Pathway2525,R-HSA-75955
reactome:Pathway2313,R-HSA-9834899
reactome:Pathway1651,R-HSA-5603037
reactome:Pathway895,R-HSA-422085
reactome:Pathway2448,R-HSA-6803205
reactome:Pathway1720,R-HSA-180292
reactome:Pathway2225,R-HSA-3295583
reactome:Pathway1552,R-HSA-192905
reactome:Pathway953,R-HSA-6782861
reactome:Pathway892,R-HSA-9857492
reactome:Pathway613,R-HSA-9705462
reactome:Pathway1627,R-HSA-9834752
reactome:Pathway103,R-HSA-2022857
reactome:Pathway1465,R-HSA-5250971
reactome:Pathway1336,R-HSA-5579026
reactome:Pathway2494,R-HSA-8949275
reactome:Pathway1065,R-HSA-6802952
reactome:Pathway1466,R-HSA-5250955
reactome:Pathway862,R-HSA-3065676
reactome:Pathway627,R-HSA-349425
reactome:Pathway364,R-HSA-351143
reactome:Pathway394,R-HSA-8937144
reactome:Pathway1616,R-HSA-9705683
reactome:Pathway2532,R-HSA-76046
reactome:Pathway4,R-HSA-112315
reactome:Pathway375,R-HSA-189483
reactome:Pathway1790,R-HSA-9026357
reactome:Pathway2113,R-HSA-193692
reactome:Pathway1538,R-HSA-164944
reactome:Pathway1891,R-HSA-375280
reactome:Pathway755,R-HSA-432142
reactome:Pathway350,R-HSA-2408522
reactome:Pathway1370,R-HSA-5688354
reactome:Pathway508,R-HSA-844456
reactome:Pathway2301,R-HSA-2892245
reactome:Pathway300,R-HSA-74259
reactome:Pathway437,R-HSA-983168
reactome:Pathway2095,R-HSA-5357786
reactome:Pathway1975,R-HSA-5368598
reactome:Pathway1408,R-HSA-3906995
reactome:Pathway1956,R-HSA-9013694
reactome:Pathway1496,R-HSA-162587
reactome:Pathway2317,R-HSA-5617472
reactome:Pathway965,R-HSA-5637812
reactome:Pathway1514,R-HSA-167246
reactome:Pathway1609,R-HSA-9694548
reactome:Pathway1639,R-HSA-9673324
reactome:Pathway1704,R-HSA-9845621
reactome:Pathway814,R-HSA-390450
reactome:Pathway2503,R-HSA-9022699
reactome:Pathway951,R-HSA-6784531
reactome:Pathway1646,R-HSA-9660821
reactome:Pathway2665,R-HSA-1187000
reactome:Pathway2722,R-HSA-5685942
reactome:Pathway2222,R-HSA-983712
reactome:Pathway929,R-HSA-75102
reactome:Pathway2263,R-HSA-111446
reactome:Pathway1258,R-HSA-5619054
reactome:Pathway472,R-HSA-168176
reactome:Pathway1805,R-HSA-74751
reactome:Pathway74,R-HSA-1299287
reactome:Pathway2466,R-HSA-8866906
reactome:Pathway1379,R-HSA-3595177
reactome:Pathway1793,R-HSA-9028335
reactome:Pathway936,R-HSA-428359
reactome:Pathway325,R-HSA-8978934
reactome:Pathway2177,R-HSA-1442490
reactome:Pathway2021,R-HSA-112411
reactome:Pathway1103,R-HSA-9702506
reactome:Pathway5,R-HSA-112308
reactome:Pathway1124,R-HSA-9717323
reactome:Pathway443,R-HSA-1236978
reactome:Pathway2673,R-HSA-8949613
reactome:Pathway2588,R-HSA-9707616
reactome:Pathway487,R-HSA-9824878
reactome:Pathway2572,R-HSA-1234174
reactome:Pathway2232,R-HSA-174824
reactome:Pathway201,R-HSA-8847453
reactome:Pathway880,R-HSA-5689896
reactome:Pathway2071,R-HSA-5666185
reactome:Pathway2630,R-HSA-9646399
reactome:Pathway1356,R-HSA-9035968
reactome:Pathway753,R-HSA-139853
reactome:Pathway2081,R-HSA-8849470
reactome:Pathway1177,R-HSA-9629232
reactome:Pathway2384,R-HSA-9824594
reactome:Pathway879,R-HSA-5689880
reactome:Pathway113,R-HSA-8853383
reactome:Pathway768,R-HSA-372708
reactome:Pathway2010,R-HSA-5683057
reactome:Pathway2033,R-HSA-8948747
reactome:Pathway2181,R-HSA-382556
reactome:Pathway1056,R-HSA-6802949
reactome:Pathway1491,R-HSA-9637679
reactome:Pathway861,R-HSA-3065679
reactome:Pathway2458,R-HSA-6804756
reactome:Pathway2271,R-HSA-111458
reactome:Pathway1416,R-HSA-5083627
reactome:Pathway730,R-HSA-174084
reactome:Pathway1291,R-HSA-2206305
reactome:Pathway196,R-HSA-1660537
reactome:Pathway124,R-HSA-1855229
reactome:Pathway1079,R-HSA-9669917
reactome:Pathway2005,R-HSA-9031525
reactome:Pathway789,R-HSA-379716
reactome:Pathway1262,R-HSA-5619114
reactome:Pathway1188,R-HSA-9709275
reactome:Pathway299,R-HSA-8956319
reactome:Pathway1640,R-HSA-9664424
reactome:Pathway2373,R-HSA-6805567
reactome:Pathway1132,R-HSA-9687139
reactome:Pathway751,R-HSA-418457
reactome:Pathway960,R-HSA-1643685
reactome:Pathway1847,R-HSA-6806942
reactome:Pathway144,R-HSA-2142696
reactome:Pathway2469,R-HSA-8866904
reactome:Pathway246,R-HSA-9026766
reactome:Pathway1089,R-HSA-9673766
reactome:Pathway1278,R-HSA-5619052
reactome:Pathway126,R-HSA-1855231
reactome:Pathway2342,R-HSA-8985586
reactome:Pathway2046,R-HSA-9013148
reactome:Pathway1283,R-HSA-5668914
reactome:Pathway1779,R-HSA-170984
reactome:Pathway522,R-HSA-1810476
reactome:Pathway724,R-HSA-174184
reactome:Pathway1157,R-HSA-9645722
reactome:Pathway2454,R-HSA-5633007
reactome:Pathway2689,R-HSA-110328
reactome:Pathway882,R-HSA-5689901
reactome:Pathway1772,R-HSA-187024
reactome:Pathway2171,R-HSA-3000171
reactome:Pathway2436,R-HSA-73863
reactome:Pathway2147,R-HSA-2173782
reactome:Pathway858,R-HSA-977068
reactome:Pathway1335,R-HSA-5578997
reactome:Pathway85,R-HSA-70263
reactome:Pathway1678,R-HSA-9005891
reactome:Pathway2597,R-HSA-9818027
reactome:Pathway2197,R-HSA-189200
reactome:Pathway279,R-HSA-9853506
reactome:Pathway1946,R-HSA-1980143
reactome:Pathway1378,R-HSA-3560801
reactome:Pathway2649,R-HSA-9717207
reactome:Pathway1783,R-HSA-198765
reactome:Pathway1657,R-HSA-5602571
reactome:Pathway227,R-HSA-8848584
reactome:Pathway1099,R-HSA-9702518
reactome:Pathway273,R-HSA-1428517
reactome:Pathway570,R-HSA-449147
reactome:Pathway133,R-HSA-1989781
reactome:Pathway1626,R-HSA-9828642
reactome:Pathway1599,R-HSA-9694614
reactome:Pathway1908,R-HSA-373080
reactome:Pathway2299,R-HSA-452723
reactome:Pathway1100,R-HSA-9706377
reactome:Pathway99,R-HSA-2160916
reactome:Pathway1521,R-HSA-167238
reactome:Pathway1282,R-HSA-5619107
reactome:Pathway514,R-HSA-918233
reactome:Pathway1277,R-HSA-5619092
reactome:Pathway875,R-HSA-4755510
reactome:Pathway911,R-HSA-72163
reactome:Pathway1858,R-HSA-9734091
reactome:Pathway1474,R-HSA-8875360
reactome:Pathway1209,R-HSA-5679096
reactome:Pathway2734,R-HSA-5696395
reactome:Pathway357,R-HSA-389661
reactome:Pathway2025,R-HSA-198323
reactome:Pathway1803,R-HSA-9603505
reactome:Pathway1382,R-HSA-3656244
reactome:Pathway1713,R-HSA-8981373
reactome:Pathway16,R-HSA-112311
reactome:Pathway2658,R-HSA-5576894
reactome:Pathway485,R-HSA-937061
reactome:Pathway769,R-HSA-392023
reactome:Pathway2576,R-HSA-3371511
reactome:Pathway952,R-HSA-6782315
reactome:Pathway419,R-HSA-202433
reactome:Pathway1414,R-HSA-5083629
reactome:Pathway623,R-HSA-69615
reactome:Pathway1968,R-HSA-201722
reactome:Pathway2748,R-HSA-68867
reactome:Pathway1130,R-HSA-9842640
reactome:Pathway1934,R-HSA-416482
reactome:Pathway826,R-HSA-1663150
reactome:Pathway2008,R-HSA-9623433
reactome:Pathway274,R-HSA-70268
reactome:Pathway2451,R-HSA-6804114
reactome:Pathway481,R-HSA-166016
reactome:Pathway2738,R-HSA-6781823
reactome:Pathway1066,R-HSA-9656223
reactome:Pathway2598,R-HSA-9818026
reactome:Pathway391,R-HSA-141333
reactome:Pathway1670,R-HSA-9918450
reactome:Pathway1797,R-HSA-9032845
reactome:Pathway1951,R-HSA-2197563
reactome:Pathway1762,R-HSA-5654228
reactome:Pathway2717,R-HSA-5693548
reactome:Pathway886,R-HSA-9907900
reactome:Pathway70,R-HSA-1299503
reactome:Pathway2022,R-HSA-5687128
reactome:Pathway1881,R-HSA-372790
reactome:Pathway1399,R-HSA-4687000
reactome:Pathway2505,R-HSA-9022707
reactome:Pathway1716,R-HSA-177929
reactome:Pathway117,R-HSA-9037629
reactome:Pathway1320,R-HSA-3359462
reactome:Pathway1518,R-HSA-167152
reactome:Pathway2651,R-HSA-9730628
reactome:Pathway2307,R-HSA-9793380
reactome:Pathway795,R-HSA-72662
reactome:Pathway904,R-HSA-5683826
reactome:Pathway1757,R-HSA-5654743
reactome:Pathway638,R-HSA-69618
reactome:Pathway2151,R-HSA-3000484
reactome:Pathway1444,R-HSA-9865118
reactome:Pathway107,R-HSA-2024096
reactome:Pathway2032,R-HSA-8948700
reactome:Pathway2215,R-HSA-879518
reactome:Pathway1090,R-HSA-9673768
reactome:Pathway2568,R-HSA-5660526
reactome:Pathway2279,R-HSA-264870
reactome:Pathway2438,R-HSA-212436
reactome:Pathway2019,R-HSA-112409
reactome:Pathway1532,R-HSA-177243
reactome:Pathway2246,R-HSA-8964011
reactome:Pathway1845,R-HSA-2428928
reactome:Pathway464,R-HSA-199920
reactome:Pathway1760,R-HSA-5654716
reactome:Pathway890,R-HSA-8951664
reactome:Pathway2561,R-HSA-9851695
reactome:Pathway1884,R-HSA-375276
reactome:Pathway433,R-HSA-1169092
reactome:Pathway844,R-HSA-948021
reactome:Pathway2622,R-HSA-9860927
reactome:Pathway296,R-HSA-8956321
reactome:Pathway343,R-HSA-8849175
reactome:Pathway231,R-HSA-77111
reactome:Pathway927,R-HSA-75064
reactome:Pathway379,R-HSA-211976
reactome:Pathway1551,R-HSA-168273
reactome:Pathway1549,R-HSA-168336
reactome:Pathway1081,R-HSA-9669929
reactome:Pathway1317,R-HSA-3296482
reactome:Pathway2041,R-HSA-9013106
reactome:Pathway533,R-HSA-2029485
reactome:Pathway575,R-HSA-9014843
reactome:Pathway2404,R-HSA-2161541
reactome:Pathway1418,R-HSA-5609975
reactome:Pathway919,R-HSA-159231
reactome:Pathway1397,R-HSA-4720475
reactome:Pathway1962,R-HSA-195253
reactome:Pathway908,R-HSA-72086
reactome:Pathway948,R-HSA-8868766
reactome:Pathway1411,R-HSA-5083632
reactome:Pathway1916,R-HSA-111885
reactome:Pathway292,R-HSA-8956320
reactome:Pathway219,R-HSA-159418
reactome:Pathway189,R-HSA-1483255
reactome:Pathway57,R-HSA-997272
reactome:Pathway2483,R-HSA-8878166
reactome:Pathway2724,R-HSA-5693616
reactome:Pathway1684,R-HSA-9651496
reactome:Pathway2254,R-HSA-69416
reactome:Pathway2059,R-HSA-9696264
reactome:Pathway599,R-HSA-448424
reactome:Pathway1151,R-HSA-9646304
reactome:Pathway2423,R-HSA-373756
reactome:Pathway1223,R-HSA-5619035
reactome:Pathway1181,R-HSA-9657050
reactome:Pathway406,R-HSA-177162
reactome:Pathway1351,R-HSA-5579032
reactome:Pathway2035,R-HSA-1489509
reactome:Pathway856,R-HSA-5173214
reactome:Pathway1839,R-HSA-1250342
reactome:Pathway2385,R-HSA-9854907
reactome:Pathway687,R-HSA-8852276
reactome:Pathway1568,R-HSA-168303
reactome:Pathway342,R-HSA-977347
reactome:Pathway754,R-HSA-418359
reactome:Pathway2541,R-HSA-211000
reactome:Pathway701,R-HSA-2500257
reactome:Pathway1326,R-HSA-3359471
reactome:Pathway2107,R-HSA-209543
reactome:Pathway1567,R-HSA-168874
reactome:Pathway615,R-HSA-9609507
reactome:Pathway235,R-HSA-9018679
reactome:Pathway1049,R-HSA-5340588
reactome:Pathway2437,R-HSA-73857
reactome:Pathway788,R-HSA-379724
reactome:Pathway2136,R-HSA-190840
reactome:Pathway741,R-HSA-174437
reactome:Pathway2473,R-HSA-8939246
reactome:Pathway1617,R-HSA-9705671
reactome:Pathway1610,R-HSA-9694719
reactome:Pathway1400,R-HSA-4720489
reactome:Pathway2486,R-HSA-8940973
reactome:Pathway2560,R-HSA-9818564
reactome:Pathway1234,R-HSA-3560792
reactome:Pathway1471,R-HSA-8942233
reactome:Pathway2119,R-HSA-5653656
reactome:Pathway2535,R-HSA-76071
reactome:Pathway2455,R-HSA-6806003
reactome:Pathway1770,R-HSA-187015
reactome:Pathway2096,R-HSA-5626978
reactome:Pathway2383,R-HSA-9825892
reactome:Pathway1993,R-HSA-5635851
reactome:Pathway12,R-HSA-888590
reactome:Pathway1187,R-HSA-9763198
reactome:Pathway1185,R-HSA-9701192
reactome:Pathway667,R-HSA-69190
reactome:Pathway2628,R-HSA-5205685
reactome:Pathway852,R-HSA-975574
reactome:Pathway517,R-HSA-933542
reactome:Pathway422,R-HSA-389356
reactome:Pathway1681,R-HSA-9022534
reactome:Pathway493,R-HSA-168188
reactome:Pathway1593,R-HSA-9692912
reactome:Pathway1773,R-HSA-187687
reactome:Pathway1003,R-HSA-9665737
reactome:Pathway1119,R-HSA-9725370
reactome:Pathway777,R-HSA-140837
reactome:Pathway1304,R-HSA-3814836
reactome:Pathway2082,R-HSA-8849471
reactome:Pathway1900,R-HSA-391906
reactome:Pathway207,R-HSA-9845614
reactome:Pathway983,R-HSA-2033514
reactome:Pathway520,R-HSA-1606322
reactome:Pathway1062,R-HSA-6802948
reactome:Pathway1928,R-HSA-170660
reactome:Pathway1994,R-HSA-2586552
reactome:Pathway922,R-HSA-111367
reactome:Pathway821,R-HSA-159740
reactome:Pathway618,R-HSA-9033500
reactome:Pathway1817,R-HSA-194138
reactome:Pathway601,R-HSA-449836
reactome:Pathway521,R-HSA-1606341
reactome:Pathway2027,R-HSA-199418
reactome:Pathway995,R-HSA-9665246
reactome:Pathway594,R-HSA-9020591
reactome:Pathway1456,R-HSA-9916722
reactome:Pathway2575,R-HSA-3371556
reactome:Pathway2702,R-HSA-110314
reactome:Pathway2388,R-HSA-9857377
reactome:Pathway483,R-HSA-166058
reactome:Pathway1349,R-HSA-5579011
reactome:Pathway122,R-HSA-1855170
reactome:Pathway916,R-HSA-159234
reactome:Pathway473,R-HSA-168181
reactome:Pathway2371,R-HSA-211163
reactome:Pathway2634,R-HSA-9615710
reactome:Pathway1506,R-HSA-177539
reactome:Pathway1806,R-HSA-74713
reactome:Pathway767,R-HSA-354194
reactome:Pathway182,R-HSA-1483226
reactome:Pathway1595,R-HSA-9735869
reactome:Pathway2397,R-HSA-1368071
reactome:Pathway2014,R-HSA-5673000
reactome:Pathway2481,R-HSA-8939242
reactome:Pathway640,R-HSA-141444
reactome:Pathway1705,R-HSA-9845619
reactome:Pathway2353,R-HSA-3928662
reactome:Pathway1215,R-HSA-5619073
reactome:Pathway1842,R-HSA-2404192
reactome:Pathway538,R-HSA-2871809
reactome:Pathway797,R-HSA-72702
reactome:Pathway2674,R-HSA-5617833
reactome:Pathway27,R-HSA-629597
reactome:Pathway503,R-HSA-166665
reactome:Pathway742,R-HSA-171306
reactome:Pathway1667,R-HSA-9918454
reactome:Pathway2731,R-HSA-5696398
reactome:Pathway1204,R-HSA-5679001
reactome:Pathway1624,R-HSA-9820960
reactome:Pathway2169,R-HSA-2129379
reactome:Pathway2001,R-HSA-9634635
reactome:Pathway1308,R-HSA-5657562
reactome:Pathway1851,R-HSA-8875878
reactome:Pathway1254,R-HSA-5619113
reactome:Pathway1992,R-HSA-5635838
reactome:Pathway1536,R-HSA-176034
reactome:Pathway436,R-HSA-983169
reactome:Pathway1675,R-HSA-9675151
reactome:Pathway2401,R-HSA-9753281
reactome:Pathway46,R-HSA-9619483
reactome:Pathway1832,R-HSA-6785631
reactome:Pathway206,R-HSA-9840310
reactome:Pathway2308,R-HSA-9824272
reactome:Pathway2333,R-HSA-418890
reactome:Pathway165,R-HSA-390247
reactome:Pathway1343,R-HSA-5579010
reactome:Pathway2611,R-HSA-381070
reactome:Pathway1852,R-HSA-8874081
reactome:Pathway1533,R-HSA-180746
reactome:Pathway6,R-HSA-112310
reactome:Pathway2118,R-HSA-9027277
reactome:Pathway2533,R-HSA-76061
reactome:Pathway1635,R-HSA-9664407
reactome:Pathway1419,R-HSA-5609974
reactome:Pathway1811,R-HSA-165160
reactome:Pathway2050,R-HSA-9013424
reactome:Pathway215,R-HSA-192105
reactome:Pathway2140,R-HSA-8856828
reactome:Pathway2460,R-HSA-6804760
reactome:Pathway2347,R-HSA-445144
reactome:Pathway2312,R-HSA-9832991
reactome:Pathway836,R-HSA-446210
reactome:Pathway1,R-HSA-112316
reactome:Pathway1096,R-HSA-9674404
reactome:Pathway48,R-HSA-451326
reactome:Pathway783,R-HSA-210991
reactome:Pathway1129,R-HSA-9717329
reactome:Pathway1021,R-HSA-3311021
reactome:Pathway110,R-HSA-2022923
reactome:Pathway2529,R-HSA-6807505
reactome:Pathway2695,R-HSA-110381
reactome:Pathway907,R-HSA-8953854
reactome:Pathway2548,R-HSA-212165
reactome:Pathway2712,R-HSA-112122
reactome:Pathway1712,R-HSA-8963678
reactome:Pathway834,R-HSA-446219
reactome:Pathway1122,R-HSA-9700649
reactome:Pathway1739,R-HSA-190377
reactome:Pathway1827,R-HSA-1250196
reactome:Pathway1388,R-HSA-3656243
reactome:Pathway1577,R-HSA-9678110
reactome:Pathway2244,R-HSA-8964046
reactome:Pathway88,R-HSA-9634600
reactome:Pathway2632,R-HSA-9664873
reactome:Pathway2403,R-HSA-2161517
reactome:Pathway2084,R-HSA-8849469
reactome:Pathway2409,R-HSA-1500931
reactome:Pathway878,R-HSA-5689603
reactome:Pathway408,R-HSA-5423646
reactome:Pathway2344,R-HSA-373760
reactome:Pathway729,R-HSA-174178
reactome:Pathway2531,R-HSA-749476
reactome:Pathway282,R-HSA-6799198
reactome:Pathway1883,R-HSA-373076
reactome:Pathway1570,R-HSA-168298
reactome:Pathway2684,R-HSA-73929
reactome:Pathway1395,R-HSA-4551295
reactome:Pathway2336,R-HSA-9010553
reactome:Pathway566,R-HSA-1169408
reactome:Pathway2142,R-HSA-917729
reactome:Pathway1114,R-HSA-9702998
reactome:Pathway820,R-HSA-159854
reactome:Pathway1949,R-HSA-1980145
reactome:Pathway329,R-HSA-71291
reactome:Pathway2429,R-HSA-373753
reactome:Pathway2633,R-HSA-9613829
reactome:Pathway2294,R-HSA-9820841
reactome:Pathway2431,R-HSA-73864
reactome:Pathway2335,R-HSA-376176
reactome:Pathway2675,R-HSA-5620912
reactome:Pathway108,R-HSA-1793185
reactome:Pathway362,R-HSA-6798163
reactome:Pathway2310,R-HSA-9823730
reactome:Pathway863,R-HSA-3065678
reactome:Pathway889,R-HSA-8955332
reactome:Pathway1584,R-HSA-9683701
reactome:Pathway66,R-HSA-1296053
reactome:Pathway1509,R-HSA-167161
reactome:Pathway2604,R-HSA-3299685
reactome:Pathway1540,R-HSA-164939
reactome:Pathway2542,R-HSA-203927
reactome:Pathway2538,R-HSA-75944
reactome:Pathway1960,R-HSA-195721
reactome:Pathway1855,R-HSA-8875791
reactome:Pathway966,R-HSA-5637810
reactome:Pathway1703,R-HSA-9846298
reactome:Pathway467,R-HSA-9013973
reactome:Pathway2066,R-HSA-5625970
reactome:Pathway8,R-HSA-181429
reactome:Pathway1135,R-HSA-9661069
reactome:Pathway1791,R-HSA-9026519
reactome:Pathway2321,R-HSA-400685
reactome:Pathway541,R-HSA-5621481
reactome:Pathway195,R-HSA-1660516
reactome:Pathway2442,R-HSA-3700989
reactome:Pathway944,R-HSA-72312
reactome:Pathway979,R-HSA-2023837
reactome:Pathway1002,R-HSA-9665686
reactome:Pathway188,R-HSA-1483171
reactome:Pathway1589,R-HSA-9683612
reactome:Pathway1373,R-HSA-5688849
reactome:Pathway94,R-HSA-71336
reactome:Pathway313,R-HSA-9758881
reactome:Pathway1490,R-HSA-1222449
reactome:Pathway388,R-HSA-217271
reactome:Pathway1050,R-HSA-5545619
reactome:Pathway1482,R-HSA-9636467
reactome:Pathway1405,R-HSA-4793953
reactome:Pathway474,R-HSA-975155
reactome:Pathway702,R-HSA-2514853
reactome:Pathway513,R-HSA-168928
reactome:Pathway399,R-HSA-156582
reactome:Pathway2492,R-HSA-8941855
reactome:Pathway1939,R-HSA-8964616
reactome:Pathway1212,R-HSA-5619099
reactome:Pathway2251,R-HSA-109581
reactome:Pathway1734,R-HSA-5654726
reactome:Pathway1059,R-HSA-9753510
reactome:Pathway2661,R-HSA-5578775
reactome:Pathway1485,R-HSA-9636569
reactome:Pathway2262,R-HSA-139915
reactome:Pathway2407,R-HSA-9757110
reactome:Pathway1240,R-HSA-5619068
reactome:Pathway1311,R-HSA-6791461
reactome:Pathway51,R-HSA-451308
reactome:Pathway1978,R-HSA-4608870
reactome:Pathway2619,R-HSA-9855142
reactome:Pathway1769,R-HSA-187037
reactome:Pathway713,R-HSA-68884
reactome:Pathway625,R-HSA-69563
reactome:Pathway244,R-HSA-9026395
reactome:Pathway1955,R-HSA-9013508
reactome:Pathway469,R-HSA-168927
reactome:Pathway333,R-HSA-70895
reactome:Pathway2103,R-HSA-205043
reactome:Pathway497,R-HSA-166786
reactome:Pathway257,R-HSA-399997
reactome:Pathway869,R-HSA-4570464
reactome:Pathway524,R-HSA-3270619
reactome:Pathway1708,R-HSA-8935690
reactome:Pathway2670,R-HSA-1592230
reactome:Pathway1375,R-HSA-3560782
reactome:Pathway1892,R-HSA-390648
reactome:Pathway717,R-HSA-176408
reactome:Pathway1799,R-HSA-9034013
reactome:Pathway847,R-HSA-204005
reactome:Pathway2360,R-HSA-525793
reactome:Pathway2713,R-HSA-112126
reactome:Pathway1557,R-HSA-168276
reactome:Pathway1745,R-HSA-5654695
reactome:Pathway634,R-HSA-69473
reactome:Pathway773,R-HSA-114516
reactome:Pathway1401,R-HSA-4724289
reactome:Pathway370,R-HSA-209968
reactome:Pathway293,R-HSA-73817
reactome:Pathway647,R-HSA-1362300
reactome:Pathway1476,R-HSA-9637628
reactome:Pathway1733,R-HSA-5654689
reactome:Pathway1642,R-HSA-9664433
reactome:Pathway2727,R-HSA-5693554
reactome:Pathway2745,R-HSA-9750126
reactome:Pathway1109,R-HSA-9702636
reactome:Pathway427,R-HSA-389948
reactome:Pathway1146,R-HSA-9630791
reactome:Pathway84,R-HSA-70326
reactome:Pathway698,R-HSA-3301854
reactome:Pathway1228,R-HSA-5619071
reactome:Pathway2026,R-HSA-198693
reactome:Pathway2240,R-HSA-8964041
reactome:Pathway2267,R-HSA-111452
reactome:Pathway180,R-HSA-1483101
reactome:Pathway7,R-HSA-181430
reactome:Pathway501,R-HSA-173736
reactome:Pathway1194,R-HSA-5619115
reactome:Pathway525,R-HSA-3249367
reactome:Pathway351,R-HSA-2408508
reactome:Pathway1774,R-HSA-167044
reactome:Pathway1828,R-HSA-1963640
reactome:Pathway336,R-HSA-71064
reactome:Pathway237,R-HSA-9023661
reactome:Pathway1365,R-HSA-2978092
reactome:Pathway1179,R-HSA-9656255
reactome:Pathway2376,R-HSA-9734767
reactome:Pathway1561,R-HSA-169131
reactome:Pathway2426,R-HSA-446388
reactome:Pathway1669,R-HSA-9918436
reactome:Pathway35,R-HSA-442755
reactome:Pathway2682,R-HSA-73894
reactome:Pathway291,R-HSA-15869
reactome:Pathway822,R-HSA-159763
reactome:Pathway146,R-HSA-2142670
reactome:Pathway2296,R-HSA-9821002
reactome:Pathway2685,R-HSA-73927
reactome:Pathway1869,R-HSA-2173793
reactome:Pathway1437,R-HSA-9734207
reactome:Pathway1974,R-HSA-3772470
reactome:Pathway137,R-HSA-75876
reactome:Pathway245,R-HSA-9026762
reactome:Pathway1000,R-HSA-9665250
reactome:Pathway304,R-HSA-196854
reactome:Pathway71,R-HSA-1299316
reactome:Pathway2055,R-HSA-9013418
reactome:Pathway642,R-HSA-141430
reactome:Pathway1184,R-HSA-9699150
reactome:Pathway2209,R-HSA-549127
reactome:Pathway2354,R-HSA-3928664
reactome:Pathway277,R-HSA-204174
reactome:Pathway405,R-HSA-177135
reactome:Pathway2419,R-HSA-9762292
reactome:Pathway1323,R-HSA-3359473
reactome:Pathway1248,R-HSA-5663020
reactome:Pathway2100,R-HSA-205017
reactome:Pathway2006,R-HSA-9029558
reactome:Pathway865,R-HSA-3232118
reactome:Pathway80,R-HSA-71387
reactome:Pathway2040,R-HSA-9013026
reactome:Pathway1524,R-HSA-174495
reactome:Pathway2733,R-HSA-5696394
reactome:Pathway125,R-HSA-1855184
reactome:Pathway743,R-HSA-9670095
reactome:Pathway2599,R-HSA-9818028
reactome:Pathway1937,R-HSA-418217
reactome:Pathway794,R-HSA-72695
reactome:Pathway2379,R-HSA-9730414
reactome:Pathway281,R-HSA-611105
reactome:Pathway649,R-HSA-69231
reactome:Pathway465,R-HSA-450341
reactome:Pathway1201,R-HSA-5682113
reactome:Pathway1926,R-HSA-111932
reactome:Pathway55,R-HSA-991365
reactome:Pathway1218,R-HSA-5619048
reactome:Pathway2078,R-HSA-8848021
reactome:Pathway247,R-HSA-9018683
reactome:Pathway1165,R-HSA-5632928
reactome:Pathway621,R-HSA-1640170
reactome:Pathway530,R-HSA-2029480
reactome:Pathway2158,R-HSA-3214841
reactome:Pathway722,R-HSA-176409
reactome:Pathway1338,R-HSA-5579009
reactome:Pathway1011,R-HSA-2691230
reactome:Pathway28,R-HSA-629587
reactome:Pathway2545,R-HSA-5578749
reactome:Pathway2189,R-HSA-426117
reactome:Pathway2116,R-HSA-9027276
reactome:Pathway2315,R-HSA-1433617
reactome:Pathway2326,R-HSA-399956
reactome:Pathway1553,R-HSA-168325
reactome:Pathway1893,R-HSA-390696
reactome:Pathway2693,R-HSA-73933
reactome:Pathway2369,R-HSA-210746
reactome:Pathway2729,R-HSA-5685939
reactome:Pathway2276,R-HSA-111464
reactome:Pathway449,R-HSA-168898
reactome:Pathway2018,R-HSA-5658442
reactome:Pathway2465,R-HSA-8866910
reactome:Pathway2257,R-HSA-109606
reactome:Pathway118,R-HSA-1483249
reactome:Pathway557,R-HSA-9645460
reactome:Pathway1104,R-HSA-9702605
reactome:Pathway2669,R-HSA-1852241
reactome:Pathway1896,R-HSA-390666
reactome:Pathway1497,R-HSA-162594
reactome:Pathway2487,R-HSA-8941284
reactome:Pathway2011,R-HSA-5684996
reactome:Pathway581,R-HSA-8985947
reactome:Pathway839,R-HSA-4085001
reactome:Pathway2566,R-HSA-9843970
reactome:Pathway1166,R-HSA-5632927
reactome:Pathway1120,R-HSA-9725371
reactome:Pathway1569,R-HSA-168302
reactome:Pathway1931,R-HSA-416476
reactome:Pathway609,R-HSA-9706374
reactome:Pathway1580,R-HSA-9683439
reactome:Pathway943,R-HSA-975956
reactome:Pathway1222,R-HSA-5619070
reactome:Pathway61,R-HSA-1296065
reactome:Pathway761,R-HSA-418592
reactome:Pathway1976,R-HSA-3858494
reactome:Pathway2706,R-HSA-5655862
reactome:Pathway1802,R-HSA-9603381
reactome:Pathway1457,R-HSA-5663205
reactome:Pathway1815,R-HSA-186797
reactome:Pathway2266,R-HSA-114294
reactome:Pathway1507,R-HSA-162599
reactome:Pathway332,R-HSA-8964540
reactome:Pathway1328,R-HSA-3359454
reactome:Pathway2273,R-HSA-111459
reactome:Pathway1850,R-HSA-8865999
reactome:Pathway1767,R-HSA-9036866
reactome:Pathway1197,R-HSA-5678771
reactome:Pathway2656,R-HSA-5576886
reactome:Pathway2450,R-HSA-6804116
reactome:Pathway76,R-HSA-6794361
reactome:Pathway2305,R-HSA-9758920
reactome:Pathway2740,R-HSA-6782210
reactome:Pathway416,R-HSA-202403
reactome:Pathway1458,R-HSA-9824439
reactome:Pathway2253,R-HSA-140534
reactome:Pathway2229,R-HSA-5223345
reactome:Pathway2073,R-HSA-9706019
reactome:Pathway2327,R-HSA-416700
reactome:Pathway280,R-HSA-9854311
reactome:Pathway2049,R-HSA-9013420
reactome:Pathway1922,R-HSA-111997
reactome:Pathway1078,R-HSA-9669937
reactome:Pathway1022,R-HSA-3304349
reactome:Pathway2178,R-HSA-216083
reactome:Pathway1344,R-HSA-5579015
reactome:Pathway705,R-HSA-2555396
reactome:Pathway1841,R-HSA-1253288
reactome:Pathway1749,R-HSA-190371
reactome:Pathway2309,R-HSA-9796292
reactome:Pathway2747,R-HSA-69002
reactome:Pathway1662,R-HSA-9675143
reactome:Pathway409,R-HSA-1362409
reactome:Pathway2472,R-HSA-8939236
reactome:Pathway1477,R-HSA-9637690
reactome:Pathway2143,R-HSA-1445148
reactome:Pathway2718,R-HSA-5693565
reactome:Pathway2570,R-HSA-5661231
reactome:Pathway2565,R-HSA-9843940
reactome:Pathway1071,R-HSA-9726842
reactome:Pathway955,R-HSA-6787450
reactome:Pathway827,R-HSA-9629569
reactome:Pathway1707,R-HSA-8963743
reactome:Pathway1608,R-HSA-9694631
reactome:Pathway622,R-HSA-69620
reactome:Pathway346,R-HSA-1237112
reactome:Pathway2358,R-HSA-9619665
reactome:Pathway1175,R-HSA-9630222
reactome:Pathway1535,R-HSA-180585
reactome:Pathway420,R-HSA-202424
reactome:Pathway2569,R-HSA-5660489
reactome:Pathway881,R-HSA-5689877
reactome:Pathway775,R-HSA-140877
reactome:Pathway360,R-HSA-71262
reactome:Pathway200,R-HSA-6814848
reactome:Pathway998,R-HSA-9665245
reactome:Pathway2463,R-HSA-8864260
reactome:Pathway1907,R-HSA-444209
reactome:Pathway596,R-HSA-9020933
reactome:Pathway1396,R-HSA-4570571
reactome:Pathway551,R-HSA-1461957
reactome:Pathway135,R-HSA-8978868
reactome:Pathway1516,R-HSA-167242
reactome:Pathway888,R-HSA-8876725
reactome:Pathway494,R-HSA-5686938
reactome:Pathway2415,R-HSA-9764260
reactome:Pathway1481,R-HSA-9636249
reactome:Pathway155,R-HSA-77310
reactome:Pathway175,R-HSA-1483152
reactome:Pathway79,R-HSA-1430728
reactome:Pathway957,R-HSA-191859
reactome:Pathway1494,R-HSA-9824446
reactome:Pathway1031,R-HSA-4791275
reactome:Pathway462,R-HSA-198753
reactome:Pathway1591,R-HSA-9692914
reactome:Pathway1273,R-HSA-5660724
reactome:Pathway1147,R-HSA-9646303
reactome:Pathway1251,R-HSA-5619078
reactome:Pathway95,R-HSA-73843
reactome:Pathway45,R-HSA-9619229
reactome:Pathway759,R-HSA-392518
reactome:Pathway318,R-HSA-197264
reactome:Pathway1631,R-HSA-9833110
reactome:Pathway511,R-HSA-844615
reactome:Pathway2462,R-HSA-6811555
reactome:Pathway1446,R-HSA-9865125
reactome:Pathway1029,R-HSA-3656535
reactome:Pathway1381,R-HSA-3595174
reactome:Pathway259,R-HSA-434316
reactome:Pathway2194,R-HSA-428643
reactome:Pathway154,R-HSA-77285
reactome:Pathway1555,R-HSA-192814
reactome:Pathway2667,R-HSA-2534343
reactome:Pathway2399,R-HSA-9748787
reactome:Pathway671,R-HSA-69186
reactome:Pathway703,R-HSA-380320
reactome:Pathway1941,R-HSA-1912422
reactome:Pathway428,R-HSA-9927353
reactome:Pathway2183,R-HSA-1369007
reactome:Pathway2226,R-HSA-1480926
reactome:Pathway716,R-HSA-174143
reactome:Pathway1390,R-HSA-3781860
reactome:Pathway1860,R-HSA-201556
reactome:Pathway83,R-HSA-70221
reactome:Pathway2024,R-HSA-1257604
reactome:Pathway307,R-HSA-196819
reactome:Pathway930,R-HSA-450531
reactome:Pathway1035,R-HSA-4839735
reactome:Pathway1574,R-HSA-9610379
reactome:Pathway1737,R-HSA-6803529
reactome:Pathway1422,R-HSA-5609976
reactome:Pathway2625,R-HSA-1632852
reactome:Pathway577,R-HSA-9008059
reactome:Pathway1190,R-HSA-9709603
reactome:Pathway1484,R-HSA-9635465
reactome:Pathway413,R-HSA-71737
reactome:Pathway2447,R-HSA-6803207
reactome:Pathway431,R-HSA-1168372
reactome:Pathway1016,R-HSA-2894862
reactome:Pathway2475,R-HSA-8877330
reactome:Pathway502,R-HSA-174577
reactome:Pathway2058,R-HSA-9696270
reactome:Pathway13,R-HSA-888568
reactome:Pathway306,R-HSA-196836
reactome:Pathway2155,R-HSA-3214847
reactome:Pathway374,R-HSA-189451
reactome:Pathway1911,R-HSA-420499
reactome:Pathway2741,R-HSA-5358508
reactome:Pathway1508,R-HSA-167172
reactome:Pathway2609,R-HSA-381033
reactome:Pathway1765,R-HSA-5654733
reactome:Pathway1671,R-HSA-9918440
reactome:Pathway1227,R-HSA-5619111
reactome:Pathway116,R-HSA-9037628
reactome:Pathway845,R-HSA-199977
reactome:Pathway2121,R-HSA-6811442
reactome:Pathway1927,R-HSA-111957
reactome:Pathway579,R-HSA-451927
reactome:Pathway1904,R-HSA-3296197
reactome:Pathway1008,R-HSA-2644603
reactome:Pathway1531,R-HSA-180910
reactome:Pathway1766,R-HSA-166520
reactome:Pathway910,R-HSA-72172
reactome:Pathway614,R-HSA-9680350
reactome:Pathway1073,R-HSA-9669933
reactome:Pathway1243,R-HSA-5619061
reactome:Pathway62,R-HSA-1296059
reactome:Pathway1246,R-HSA-5619097
reactome:Pathway2643,R-HSA-2514859
reactome:Pathway1113,R-HSA-9702577
reactome:Pathway2390,R-HSA-9843745
reactome:Pathway652,R-HSA-69202
reactome:Pathway1121,R-HSA-9700645
reactome:Pathway1487,R-HSA-1222538
reactome:Pathway2350,R-HSA-447038
reactome:Pathway850,R-HSA-964827
reactome:Pathway2524,R-HSA-77075
reactome:Pathway1443,R-HSA-3359478
reactome:Pathway2578,R-HSA-3371568
reactome:Pathway1449,R-HSA-9912529
reactome:Pathway373,R-HSA-189445
reactome:Pathway2252,R-HSA-5357769
reactome:Pathway893,R-HSA-2980736
reactome:Pathway1682,R-HSA-9022538
reactome:Pathway2585,R-HSA-2559582
reactome:Pathway1170,R-HSA-9605310
reactome:Pathway1410,R-HSA-5083636
reactome:Pathway1460,R-HSA-168799
reactome:Pathway1085,R-HSA-9669914
reactome:Pathway2751,R-HSA-9913635
reactome:Pathway1933,R-HSA-2179392
reactome:Pathway864,R-HSA-3108232
reactome:Pathway1256,R-HSA-5655799
reactome:Pathway1176,R-HSA-9630221
reactome:Pathway644,R-HSA-453279
reactome:Pathway1398,R-HSA-4720454
reactome:Pathway1761,R-HSA-5654712
reactome:Pathway2554,R-HSA-5250941
reactome:Pathway2606,R-HSA-9633012
reactome:Pathway745,R-HSA-912446
reactome:Pathway1863,R-HSA-9842663
reactome:Pathway2553,R-HSA-427389
reactome:Pathway153,R-HSA-77305
reactome:Pathway414,R-HSA-168256
reactome:Pathway242,R-HSA-9018682
reactome:Pathway217,R-HSA-193775
reactome:Pathway923,R-HSA-77595
reactome:Pathway2216,R-HSA-445717
reactome:Pathway1005,R-HSA-2219530
reactome:Pathway232,R-HSA-77108
reactome:Pathway1867,R-HSA-2173788
reactome:Pathway152,R-HSA-77286
reactome:Pathway56,R-HSA-170670
reactome:Pathway2108,R-HSA-209560
reactome:Pathway1384,R-HSA-3656253
reactome:Pathway2047,R-HSA-9013409
reactome:Pathway719,R-HSA-174113
reactome:Pathway1809,R-HSA-165158
reactome:Pathway1792,R-HSA-9026527
reactome:Pathway2228,R-HSA-1247673
reactome:Pathway1128,R-HSA-9717264
reactome:Pathway819,R-HSA-163841
reactome:Pathway106,R-HSA-2022928
reactome:Pathway2236,R-HSA-8963896
reactome:Pathway26,R-HSA-622323
reactome:Pathway171,R-HSA-1483166
reactome:Pathway2334,R-HSA-376172
reactome:Pathway590,R-HSA-6788467
reactome:Pathway286,R-HSA-163210
reactome:Pathway984,R-HSA-1839130
reactome:Pathway1560,R-HSA-168888
reactome:Pathway2205,R-HSA-442380
reactome:Pathway1127,R-HSA-9717319
reactome:Pathway2522,R-HSA-75953
reactome:Pathway68,R-HSA-1296346
reactome:Pathway2068,R-HSA-5627083
reactome:Pathway731,R-HSA-73886
reactome:Pathway1091,R-HSA-9674428
reactome:Pathway981,R-HSA-8853333
reactome:Pathway2156,R-HSA-3214815
reactome:Pathway2662,R-HSA-5578768
reactome:Pathway2593,R-HSA-9762114
reactome:Pathway772,R-HSA-76005
reactome:Pathway535,R-HSA-2424491
reactome:Pathway2340,R-HSA-428540
reactome:Pathway1807,R-HSA-112399
reactome:Pathway1798,R-HSA-9034015
reactome:Pathway266,R-HSA-163680
reactome:Pathway1882,R-HSA-500792
reactome:Pathway2742,R-HSA-5358565
reactome:Pathway218,R-HSA-193807
reactome:Pathway1230,R-HSA-5619053
reactome:Pathway704,R-HSA-9648025
reactome:Pathway1172,R-HSA-9608290
reactome:Pathway699,R-HSA-4419969
reactome:Pathway2122,R-HSA-6811440
reactome:Pathway909,R-HSA-72203
reactome:Pathway1363,R-HSA-5579002
reactome:Pathway851,R-HSA-975576
reactome:Pathway1376,R-HSA-3560796
reactome:Pathway2248,R-HSA-8981607
reactome:Pathway1077,R-HSA-9669921
reactome:Pathway872,R-HSA-3232142
reactome:Pathway250,R-HSA-9026286
reactome:Pathway167,R-HSA-75109
reactome:Pathway849,R-HSA-964739
reactome:Pathway141,R-HSA-2142688
reactome:Pathway1394,R-HSA-4549349
reactome:Pathway556,R-HSA-8941413
reactome:Pathway531,R-HSA-2029481
reactome:Pathway23,R-HSA-210455
reactome:Pathway1753,R-HSA-5654227
reactome:Pathway2657,R-HSA-5576892
reactome:Pathway2237,R-HSA-8963899
reactome:Pathway265,R-HSA-163754
reactome:Pathway1493,R-HSA-9639775
reactome:Pathway1340,R-HSA-5579030
reactome:Pathway198,R-HSA-1660517
reactome:Pathway1695,R-HSA-9668250
reactome:Pathway2079,R-HSA-8849473
reactome:Pathway1997,R-HSA-5365859
reactome:Pathway2102,R-HSA-193648
reactome:Pathway1935,R-HSA-397795
reactome:Pathway2590,R-HSA-9755511
reactome:Pathway2477,R-HSA-8939247
reactome:Pathway1505,R-HSA-164843
reactome:Pathway1199,R-HSA-5678520
reactome:Pathway1676,R-HSA-9697154
reactome:Pathway1280,R-HSA-5619058
reactome:Pathway602,R-HSA-982772
reactome:Pathway185,R-HSA-1482925
reactome:Pathway100,R-HSA-174362
reactome:Pathway1369,R-HSA-5688031
reactome:Pathway1030,R-HSA-3656532
reactome:Pathway50,R-HSA-451307
reactome:Pathway1196,R-HSA-5678895
reactome:Pathway115,R-HSA-9033807
reactome:Pathway645,R-HSA-1538133
